org_id	latin_name	ncbi_id
ORG-5296	Zea mays	3055
ORG-5858	Saccharomyces cerevisiae	4932
ORG-5862	Arabidopsis thaliana	3702
ORG-5870	Arthrobacter sp.	1663
ORG-5872	Bacillus sp. No. 230	1386
ORG-5876	Berberis beaniana	22774
ORG-5877	Berberis Wilsoniae	22774
ORG-5884	Camellia taliensis	4441
ORG-5886	Cassia coluteoides	53851
ORG-5892	Corydalis cava	3463
ORG-5893	Corydalis vaginans	3463
ORG-5896	Cucurbita pepo	3663
ORG-5897	Cucurbita pepo medullosa	3663
ORG-5910	Jacquinia angustifolia	85894
ORG-5911	Lupinus termis	3869
ORG-5912	Manihot esculenta	3983
ORG-5915	Micrococcus percitreus	1269
ORG-5986	Thalictrum bulgaricum	46968
ORG-5992	Vicia faba	3906
ORG-5993	Arabidopsis thaliana	3702
ORG-5999	Hyphomicrobium methylovorum	84
ORG-6000	Hyphomicrobium zavarzinii	48292
ORG-6001	Lactuca sativa romaine	4236
ORG-6004	Pyrenochaeta terrestris	285810
ORG-6005	Sinorhizobium meliloti Rm2011	382
ORG-6016	Chlorella sp. (Roon 68)	3071
ORG-6033	Micrococcus luteus	1270
ORG-6035	Oryza sativa	39947
ORG-6046	Maytenus blepharodes Lundell	123430
ORG-6049	Alcaligenes faecalis M3A	511
ORG-6054	Desulfovibrio acrylicus	41791
ORG-6123	Tephrosia vogelii	47097
ORG-6160	Paracoccus pantotrophus NKNCYSA	82367
ORG-6178	Archaeoglobus fulgidus	2234
ORG-6189	Staphylococcus aureus	1280
ORG-6199	Pelargonium crispum	4030
ORG-6200	Paul's Scarlet Climber Rose	74647
ORG-6210	Daphne odora	66679
ORG-6225	Alangium lamarckii	16896
ORG-6270	Physaria kathryn	98028
ORG-6292	Malus domestica	3750
ORG-6293	Malus domestica	3750
ORG-6353	Botryococcus braunii	38881
ORG18C3-1	Solanum habrochaites	62890
ORG18C3-2	Solanum habrochaites	62890
ORG18C3-3	Solanum habrochaites	62890
ORG18C3-4	Solanum habrochaites	62890
ORG4FS-1	Carpobrotus acinaciformis	141999
ORG4FS-2	Arabidopsis thaliana	3702
ORGANOSULFUR	an organosulfur compound	
TAX-1	root	1
TAX-100370	Croton	100370
TAX-1003871	Momordiceae	1003871
TAX-1003875	Sicyoeae	1003875
TAX-1003877	Benincaseae	1003877
TAX-1003878	Cucurbiteae	1003878
TAX-10066	Muridae	10066
TAX-10088	Mus <genus>	10088
TAX-10090	Mus musculus	10090
TAX-101015	Fragaria virginiana	101015
TAX-10114	Rattus	10114
TAX-10116	Rattus norvegicus	10116
TAX-101472	Wollastonia <eudicots>	101472
TAX-101473	Wollastonia biflora	101473
TAX-101596	Dahlia pinnata	101596
TAX-101602	Dahlia variabilis	101602
TAX-1017164	mitosporic Hypocrea	1017164
TAX-102107	Prunus mume	102107
TAX-10239	Viruses	10239
TAX-102803	Ips pini	102803
TAX-102804	Asteroideae	102804
TAX-102805	Barnadesioideae	102805
TAX-102806	Inuleae	102806
TAX-102809	Astereae	102809
TAX-102810	Anthemideae	102810
TAX-102811	Calenduleae	102811
TAX-102812	Senecioneae	102812
TAX-102814	Heliantheae	102814
TAX-102815	Eupatorieae	102815
TAX-102816	Mutisieae	102816
TAX-102818	Cardueae	102818
TAX-102819	Vernonieae	102819
TAX-103355	Vitis labrusca	103355
TAX-103474	Cestrum	103474
TAX-103475	Cestrum elegans	103475
TAX-1035538	Mamiellophyceae	1035538
TAX-103766	Aphelandra squarrosa	103766
TAX-104366	Pleurotaceae	104366
TAX-104431	Obtectomera	104431
TAX-1046	Chromatiaceae	1046
TAX-1049	Allochromatium vinosum	1049
TAX-1049656	Blaberoidea	1049656
TAX-1049657	Blattoidea	1049657
TAX-105310	Allium siculum	105310
TAX-105387	Scolecida	105387
TAX-105389	Sedentaria	105389
TAX-1056966	Aedini	1056966
TAX-1060	Rhodobacter	1060
TAX-1061	Rhodobacter capsulatus	1061
TAX-106130	Dalbergia cochinchinensis	106130
TAX-1063	Cereibacter sphaeroides	1063
TAX-106556	Malus hupehensis	106556
TAX-106589	Cupriavidus	106589
TAX-106590	Cupriavidus necator	106590
TAX-106626	Rhizophora apiculata	106626
TAX-107238	Croton sublyratus	107238
TAX-1073	Rhodopseudomonas	1073
TAX-1076	Rhodopseudomonas palustris	1076
TAX-107673	Acinetobacter calcoaceticus	107673
TAX-107755	Eulophidae	107755
TAX-1079	Blastochloris viridis	1079
TAX-1081	Rhodospirillum	1081
TAX-108394	Hyssopus <wasps, ants & bees>	108394
TAX-1085	Rhodospirillum rubrum	1085
TAX-1090	Chlorobiota	1090
TAX-1097	Chlorobaculum tepidum	1097
TAX-110463	Polysiphonia lanosa	110463
TAX-11050	Flaviviridae	11050
TAX-110517	Pseudomonas sp. NCIB9816-4	110517
TAX-110618	Nectriaceae	110618
TAX-110919	Neosiphonia	110919
TAX-11095	Pestivirus	11095
TAX-1110380	Polygonoideae	1110380
TAX-1110383	Fagopyreae	1110383
TAX-1110384	Persicarieae	1110384
TAX-1110386	Rumiceae	1110386
TAX-1113537	Chlamydia/Chlamydophila group	1113537
TAX-111638	Alectoria (lichen)	111638
TAX-1117	Cyanobacteriota	1117
TAX-1118	Chroococcales	1118
TAX-111805	Actinomadura pelletieri	111805
TAX-1119	Aphanocapsa	1119
TAX-111955	Sulfurisphaera tokodaii	111955
TAX-112	Planctomycetales	112
TAX-112001	Zea mays	112001
TAX-112252	Fungi incertae sedis	112252
TAX-1123	Chlorogloeopsis	1123
TAX-1124	Chlorogloeopsis fritschii	1124
TAX-112408	Dimorphotheca sinuata	112408
TAX-1129	Synechococcus	1129
TAX-113	Gemmata	113
TAX-1131320	Euglenaceae	1131320
TAX-1131492	Aspergillaceae	1131492
TAX-113211	Adonis aestivalis	113211
TAX-114	Gemmata obscuriglobus	114
TAX-1140	Synechococcus elongatus	1140
TAX-1141488	Alsineae	1141488
TAX-1141492	Sileneae	1141492
TAX-1141493	Caryophylleae	1141493
TAX-1142	Synechocystis	1142
TAX-114226	Plumbago europaea	114226
TAX-114476	Gardenia jasminoides	114476
TAX-114656	Funariidae	114656
TAX-114657	Dicranidae	114657
TAX-1148	Synechocystis sp. PCC 6803	1148
TAX-1156497	Pichiaceae	1156497
TAX-115784	Phaffomycetaceae	115784
TAX-115828	Streptomyces maritimus	115828
TAX-1161	Nostocales	1161
TAX-1162	Nostocaceae	1162
TAX-1163	Anabaena	1163
TAX-1169107	Acutodesmus	1169107
TAX-1172	Anabaena variabilis	1172
TAX-117272	Amaranthus cruentus	117272
TAX-117568	mitosporic Pleosporaceae	117568
TAX-117570	Teleostomi	117570
TAX-117571	Euteleostomi	117571
TAX-1176516	Rosoideae incertae sedis	1176516
TAX-1177	Nostoc	1177
TAX-117743	Flavobacteriia	117743
TAX-117798	Aloe ferox	117798
TAX-1179	Desmonostoc muscorum	1179
TAX-118267	mitosporic Saccharomycetales	118267
TAX-1183400	Agrobacterium tumefaciens complex	1183400
TAX-1184124	Fragariinae	1184124
TAX-118509	Glebionis segetum	118509
TAX-118510	Tanacetum cinerariifolium	118510
TAX-118883	Sulfolobaceae	118883
TAX-118884	Gammaproteobacteria incertae sedis	118884
TAX-1189	Stigonematales	1189
TAX-119042	Hyphomicrobiales incertae sedis	119042
TAX-119045	Methylobacteriaceae	119045
TAX-119060	Burkholderiaceae	119060
TAX-119065	unclassified Burkholderiales	119065
TAX-119089	Chromadorea	119089
TAX-119174	Chiliadenus	119174
TAX-119219	Cupriavidus metallidurans	119219
TAX-119481	Pavlova pinguis	119481
TAX-119829	Astragalus mongholicus	119829
TAX-119856	Francisella tularensis	119856
TAX-1203512	Polypodiineae	1203512
TAX-1204416	core leptosporangiate ferns	1204416
TAX-1206794	Ecdysozoa	1206794
TAX-1206795	Lophotrochozoa	1206795
TAX-120793	Mycobacterium avium complex (MAC)	120793
TAX-121094	Perilla citriodora	121094
TAX-1214568	Diaporthe amygdali	1214568
TAX-122308	Plumbago indica	122308
TAX-1224	Pseudomonadota	1224
TAX-1232139	Pseudomonas oleovorans/pseudoalcaligenes group	1232139
TAX-123430	Maytenus	123430
TAX-1236	Gammaproteobacteria	1236
TAX-1239	Bacillota	1239
TAX-1243	Leuconostoc	1243
TAX-1245	Leuconostoc mesenteroides	1245
TAX-124768	Celosia cristata	124768
TAX-124993	Billia	124993
TAX-124994	Billia hippocastanum	124994
TAX-126	Planctomycetaceae	126
TAX-1263	Ruminococcus	1263
TAX-126331	mitosporic Magnaporthaceae	126331
TAX-1264	Ruminococcus albus	1264
TAX-1266	Sarcina	1266
TAX-1267	Sarcina ventriculi	1267
TAX-1268	Micrococcaceae	1268
TAX-1269	Micrococcus	1269
TAX-126908	Withania	126908
TAX-126910	Withania somnifera	126910
TAX-1270	Micrococcus luteus	1270
TAX-1275	Kocuria rosea	1275
TAX-1279	Staphylococcus	1279
TAX-127906	Vibrio cholerae O1	127906
TAX-127999	Tanacetum parthenium	127999
TAX-1280	Staphylococcus aureus	1280
TAX-128002	Tanacetum vulgare	128002
TAX-1280412	Conoidasida	1280412
TAX-128294	Cinchona pitayensis	128294
TAX-1286322	Leishmaniinae	1286322
TAX-128735	Rosa hybrid cultivar	128735
TAX-12914	Acidianus	12914
TAX-12916	Acidovorax	12916
TAX-12917	Acidovorax facilis	12917
TAX-1292256	Penicillium paxilli	1292256
TAX-1293361	Cenchrinae	1293361
TAX-1293362	Melinidinae	1293362
TAX-1293365	Panicinae	1293365
TAX-129337	Geobacillus	129337
TAX-129577	Oceanimonas	129577
TAX-12960	Azoarcus	12960
TAX-1297	Deinococcota	1297
TAX-1300	Streptococcaceae	1300
TAX-1301	Streptococcus	1301
TAX-1301283	Oscillatoriophycideae	1301283
TAX-1304	Streptococcus salivarius	1304
TAX-130426	Allium chinense	130426
TAX-1304792	Tenebrionidae incertae sedis	1304792
TAX-1305	Streptococcus sanguinis	1305
TAX-1307774	Atripliceae	1307774
TAX-1307775	Anserineae	1307775
TAX-1307780	Oxybasis	1307780
TAX-1307796	Chenopodioideae	1307796
TAX-1308	Streptococcus thermophilus	1308
TAX-1309	Streptococcus mutans	1309
TAX-131221	Streptophytina	131221
TAX-1313	Streptococcus pneumoniae	1313
TAX-131567	cellular organisms	131567
TAX-13215	Piper	13215
TAX-13216	Piper nigrum	13216
TAX-132459	Pueraria montana	132459
TAX-13273	Stellaria <eudicots>	13273
TAX-13274	Stellaria media	13274
TAX-1328	Streptococcus anginosus	1328
TAX-1328926	Fusarium lateritium species complex	1328926
TAX-1329799	Archelosauria	1329799
TAX-1334278	Euphorbia subgen. Esula	1334278
TAX-1334447	Euphorbia sect. Lagascae	1334447
TAX-13362	Borago	13362
TAX-13363	Borago officinalis	13363
TAX-1338369	Dipnotetrapodomorpha	1338369
TAX-1340414	Desmonostoc	1340414
TAX-1341	Streptococcus ratti	1341
TAX-13422	Chrysanthemum	13422
TAX-13426	Cichorium	13426
TAX-13427	Cichorium intybus	13427
TAX-13428	Cinnamomum	13428
TAX-13442	Coffea	13442
TAX-13443	Coffea arabica	13443
TAX-13444	Colchicum	13444
TAX-13446	Conium	13446
TAX-13447	Conium maculatum	13447
TAX-13448	Coreopsis	13448
TAX-13449	Coreopsis grandiflora	13449
TAX-1344963	Mucorineae	1344963
TAX-13464	Crepis	13464
TAX-13468	Cupressus	13468
TAX-13490	Dimorphotheca	13490
TAX-13492	Diospyros	13492
TAX-1350	Enterococcus	1350
TAX-1351	Enterococcus faecalis	1351
TAX-13511	Erythroxylum	13511
TAX-135197	Citrus junos	135197
TAX-135199	Schizonepeta	135199
TAX-135200	Schizonepeta tenuifolia	135200
TAX-135247	Ulva curvata	135247
TAX-13546	Gerbera	13546
TAX-135461	Bacillus subtilis	135461
TAX-135613	Chromatiales	135613
TAX-135614	Xanthomonadales	135614
TAX-135618	Methylococcales	135618
TAX-135619	Oceanospirillales	135619
TAX-135621	Pseudomonadaceae	135621
TAX-135622	Alteromonadales	135622
TAX-135623	Vibrionales	135623
TAX-135624	Aeromonadales	135624
TAX-135625	Pasteurellales	135625
TAX-13567	Hexamita	13567
TAX-1357	Lactococcus	1357
TAX-1358	Lactococcus lactis	1358
TAX-1359	Lactococcus cremoris	1359
TAX-136	Spirochaetales	136
TAX-136217	Curcuma longa	136217
TAX-136841	Pseudomonas aeruginosa group	136841
TAX-136842	Pseudomonas chlororaphis group	136842
TAX-136843	Pseudomonas fluorescens group	136843
TAX-136844	Halopseudomonas pertucinogena group	136844
TAX-136845	Pseudomonas putida group	136845
TAX-136846	Stutzerimonas stutzeri group	136846
TAX-136849	Pseudomonas syringae group	136849
TAX-137	Spirochaetaceae	137
TAX-13707	Tagetes	13707
TAX-13708	Tagetes erecta	13708
TAX-137221	Rheum palmatum	137221
TAX-13728	Thunbergia <eudicots>	13728
TAX-13749	Vaccinium	13749
TAX-13753	Vernonia <eudicots>	13753
TAX-137627	Myxogastromycetidae	137627
TAX-137893	Saussurea medusa	137893
TAX-13792	Mamiellales	13792
TAX-13817	Adiantum	13817
TAX-13818	Adiantum capillus-veneris	13818
TAX-13819	Pteridaceae	13819
TAX-13820	Pteris	13820
TAX-13821	Pteris vittata	13821
TAX-13823	Lygodium	13823
TAX-138328	Allium nutans	138328
TAX-1384459	Methyloceanibacter caenitepidi	1384459
TAX-1385	Bacillales	1385
TAX-138526	Neptunia	138526
TAX-1386	Bacillus <firmicutes>	1386
TAX-1392	Bacillus anthracis	1392
TAX-139271	Pinus subgen. Pinus	139271
TAX-139272	Pinus subgen. Strobus	139272
TAX-1396	Bacillus cereus	1396
TAX-1402	Bacillus licheniformis	1402
TAX-1404	Priestia megaterium	1404
TAX-140968	Hypericum androsaemum	140968
TAX-141190	Lawsonia <eudicots>	141190
TAX-141191	Lawsonia inermis	141191
TAX-141999	Carpobrotus	141999
TAX-1423	Bacillus subtilis	1423
TAX-142796	Eumycetozoa	142796
TAX-1437010	Boreoeutheria	1437010
TAX-1437180	Acrogymnospermae	1437180
TAX-1437183	Mesangiospermae	1437183
TAX-1437197	Petrosaviidae	1437197
TAX-1437201	Pentapetalae	1437201
TAX-1437259	Cupressophyta	1437259
TAX-1445964	Ginkgoidae	1445964
TAX-1445966	Gnetidae	1445966
TAX-1446379	Cupressales	1446379
TAX-1446380	Pinales	1446380
TAX-145260	Methanothermobacter	145260
TAX-145263	Methanothermobacter marburgensis	145263
TAX-1458	Metabacillus fastidiosus	1458
TAX-146094	Gypsophila <eudicots>	146094
TAX-1461175	Berberidoideae	1461175
TAX-1461176	Podophylloideae	1461176
TAX-1462606	Glycine subgen. Soja	1462606
TAX-1462614	Papaveroideae	1462614
TAX-1463136	Coptidoideae	1463136
TAX-1463137	Thalictroideae	1463137
TAX-1463138	Ranunculoideae	1463138
TAX-1463139	Adonideae	1463139
TAX-1463140	Delphinieae	1463140
TAX-1463147	Anemoneae	1463147
TAX-146535	Avena ventricosa	146535
TAX-147273	Taxus wallichiana	147273
TAX-147367	Oryzoideae	147367
TAX-147368	Pooideae	147368
TAX-147369	Panicoideae	147369
TAX-147370	PACMAD clade	147370
TAX-147371	Chloridoideae	147371
TAX-147380	Oryzeae	147380
TAX-147385	Brachypodieae	147385
TAX-147387	Poeae	147387
TAX-147388	Bromeae	147388
TAX-147389	Triticeae	147389
TAX-147428	Paniceae	147428
TAX-147429	Andropogoneae	147429
TAX-147431	Arundineae	147431
TAX-147498	Pleosporales incertae sedis	147498
TAX-147537	Saccharomycotina	147537
TAX-147538	Pezizomycotina	147538
TAX-147541	Dothideomycetes	147541
TAX-147545	Eurotiomycetes	147545
TAX-147547	Lecanoromycetes	147547
TAX-147548	Leotiomycetes	147548
TAX-147550	Sordariomycetes	147550
TAX-147554	Schizosaccharomycetes	147554
TAX-1476995	Allium ascalonicum	1476995
TAX-1477431	Streptomyces albidoflavus group	1477431
TAX-1478145	Glebionis	1478145
TAX-1478958	Ligeriinae	1478958
TAX-1481960	Peptoclostridium	1481960
TAX-1482596	Streptomyces griseus subgroup	1482596
TAX-148303	Magnaporthe	148303
TAX-1484898	Methyloceanibacter	1484898
TAX-1485	Clostridium	1485
TAX-1488	Clostridium acetobutylicum	1488
TAX-1489341	Osteoglossocephalai	1489341
TAX-1491	Clostridium botulinum	1491
TAX-1495	Clostridium cylindrosporum	1495
TAX-149690	Dimorphandra	149690
TAX-149691	Dimorphandra mollis	149691
TAX-1498435	Catharanthinae	1498435
TAX-1498436	Rauvolfiinae	1498436
TAX-1498477	Asclepiadinae	1498477
TAX-1499392	Chromobacteriaceae	1499392
TAX-150094	Thalictrum flavum	150094
TAX-150095	Thalictrum flavum	150095
TAX-1501	Clostridium pasteurianum	1501
TAX-150275	Eulophinae	150275
TAX-1503	Gottschalkia purinilytica	1503
TAX-1505648	Geobacillus thermoleovorans group	1505648
TAX-1505664	Gottschalkia	1505664
TAX-1506577	Tyzzerella	1506577
TAX-150830	Roseibium	150830
TAX-1508657	Ruminiclostridium	1508657
TAX-1509	Clostridium sporogenes	1509
TAX-150966	Nepenthes gracilis	150966
TAX-150983	Nepenthes mirabilis	150983
TAX-150990	Nepenthes rafflesiana	150990
TAX-151068	Litchi	151068
TAX-151069	Litchi chinensis	151069
TAX-151078	Adonis aestivalis	151078
TAX-1511	Acetoanaerobium sticklandii	1511
TAX-151157	Acetobacter subgen. Acetobacter	151157
TAX-1515	Acetivibrio thermocellus	1515
TAX-1520	Clostridium beijerinckii	1520
TAX-1520881	OSLEUM clade	1520881
TAX-1521257	Ophioglossidae	1521257
TAX-1521258	Equisetidae	1521258
TAX-1521260	Lycopodiopsida	1521260
TAX-1521262	Polypodiidae <ferns>	1521262
TAX-1524962	Chlorodendrophyceae	1524962
TAX-1525	Moorella thermoacetica	1525
TAX-1525212	Bathycoccaceae	1525212
TAX-1525719	Palicoureeae	1525719
TAX-152601	Pierini	152601
TAX-153142	Camellia irrawadiensis	153142
TAX-1534	Clostridium kluyveri	1534
TAX-1535325	Candida/Lodderomyces clade	1535325
TAX-1535326	Candida <clade Candida/Lodderomyces clade>	1535326
TAX-153658	Lunaria	153658
TAX-153659	Lunaria annua	153659
TAX-15367	Brachypodium	15367
TAX-15368	Brachypodium distachyon	15368
TAX-15371	Bromus inermis	15371
TAX-153742	Cinchona calisaya	153742
TAX-1538097	Boraginales	1538097
TAX-1540042	Ogataea/Candida clade	1540042
TAX-1540222	Narcissus aff. pseudonarcissus MK-2014	1540222
TAX-1549675	Galloanserae	1549675
TAX-1556	Gottschalkia acidurici	1556
TAX-155616	Tremellomycetes	155616
TAX-155619	Agaricomycetes	155619
TAX-156152	Plantaginaceae	156152
TAX-156631	Arundinoideae	156631
TAX-157	Treponema	157
TAX-1573	Clavibacter	1573
TAX-15745	Phragmites	15745
TAX-157791	Vigna radiata	157791
TAX-1578	Lactobacillus	1578
TAX-157822	Lecanorineae	157822
TAX-157920	Cellulosimicrobium	157920
TAX-157934	Ophiorrhiza pumila	157934
TAX-158	Treponema denticola	158
TAX-158080	Chromohalobacter salexigens	158080
TAX-1582	Lacticaseibacillus casei	1582
TAX-158333	Vanilloideae	158333
TAX-158369	Vanillinae	158369
TAX-1584	Lactobacillus delbrueckii	1584
TAX-1585	Lactobacillus delbrueckii	1585
TAX-15853	Spartina	15853
TAX-1585427	Onagroideae	1585427
TAX-1585432	Onagreae	1585432
TAX-1588	Lentilactobacillus hilgardii	1588
TAX-1589822	Conium clade	1589822
TAX-1590	Lactiplantibacillus plantarum	1590
TAX-159385	Nothapodytes	159385
TAX-159386	Nothapodytes nimmoniana	159386
TAX-15945	Zea luxurians	15945
TAX-15956	Phleum	15956
TAX-15957	Phleum pratense	15957
TAX-1613	Limosilactobacillus fermentum	1613
TAX-161934	Beta vulgaris	161934
TAX-162425	Aspergillus nidulans	162425
TAX-162481	Microbotryomycetes	162481
TAX-162491	Oerskovia	162491
TAX-163090	Caesalpinieae	163090
TAX-163091	Cassieae	163091
TAX-163343	Trichostomatia	163343
TAX-163485	Acacieae	163485
TAX-163486	Ingeae	163486
TAX-163487	Mimoseae	163487
TAX-16360	Alismatales	16360
TAX-16367	Pontederiaceae	16367
TAX-163717	Aeschynomeneae	163717
TAX-163718	Amorpheae	163718
TAX-163722	Cicereae	163722
TAX-163725	Dalbergieae	163725
TAX-163726	Desmodieae	163726
TAX-163728	Galegeae	163728
TAX-163729	Genisteae	163729
TAX-163733	Millettieae	163733
TAX-163735	Phaseoleae	163735
TAX-163738	Robinieae	163738
TAX-163739	Sophoreae	163739
TAX-163742	Trifolieae	163742
TAX-163743	Fabeae	163743
TAX-163747	Loteae	163747
TAX-1639119	Plasmodiidae	1639119
TAX-164112	x Citrofortunella	164112
TAX-164113	Citrus x microcarpa	164113
TAX-1643678	Nitrososphaeria	1643678
TAX-1644055	Haloferacales	1644055
TAX-1644056	Haloferacaceae	1644056
TAX-1647999	Anthistiriinae	1647999
TAX-1648009	Coicinae	1648009
TAX-1648017	Hordeinae	1648017
TAX-1648021	Oryzinae	1648021
TAX-1648025	Rottboelliinae	1648025
TAX-1648026	Saccharinae	1648026
TAX-1648028	Sorghinae	1648028
TAX-1648029	Tripsacinae	1648029
TAX-1648030	Triticinae	1648030
TAX-1648033	Andropogonodae	1648033
TAX-1648036	Panicodae	1648036
TAX-1648037	Poodae	1648037
TAX-1648038	Triticodae	1648038
TAX-1648043	Molinieae	1648043
TAX-1649845	Yersinia pseudotuberculosis complex	1649845
TAX-165200	Actinidia eriantha	165200
TAX-1652080	Poeae Chloroplast Group 1 (Aveneae type)	1652080
TAX-1652081	Poeae Chloroplast Group 2 (Poeae type)	1652081
TAX-1653	Corynebacteriaceae	1653
TAX-1653176	Cereibacter	1653176
TAX-1654067	Pantoea agglomerans group	1654067
TAX-165602	Allium altyncolicum	165602
TAX-165696	Novosphingobium	165696
TAX-165808	Cystofilobasidiaceae	165808
TAX-1663	Arthrobacter	1663
TAX-1665	Arthrobacter globiformis	1665
TAX-16667	Theophrastaceae	16667
TAX-166935	Pseudoalteromonas translucida	166935
TAX-1670	Arthrobacter citreus	1670
TAX-1671	Pseudarthrobacter oxydans	1671
TAX-16714	Juglandaceae	16714
TAX-16718	Juglans	16718
TAX-1672	Arthrobacter ramosus	1672
TAX-16736	Piperales	16736
TAX-16739	Piperaceae	16739
TAX-167484	Asclepiadoideae	167484
TAX-167487	Rauvolfioideae	167487
TAX-167488	Asclepiadeae	167488
TAX-167498	Vinceae	167498
TAX-1676	Pseudarthrobacter polychromogenes	1676
TAX-1678	Bifidobacterium	1678
TAX-1679449	Pseudooceanicola	1679449
TAX-16896	Alangium	16896
TAX-16921	Camptotheca	16921
TAX-16922	Camptotheca acuminata	16922
TAX-1696	Brevibacterium	1696
TAX-169617	Rubioideae	169617
TAX-169618	Ixoroideae	169618
TAX-169619	Cinchonoideae	169619
TAX-169625	Cinchoneae	169625
TAX-169640	Coffeeae	169640
TAX-169642	Gardenieae	169642
TAX-169656	Ophiorrhizeae	169656
TAX-169660	Rubieae	169660
TAX-169679	Clostridium saccharobutylicum	169679
TAX-1697	Corynebacterium ammoniagenes	1697
TAX-1699513	Myrtoideae	1699513
TAX-1699522	Syzygieae	1699522
TAX-1699524	Eucalypteae	1699524
TAX-1705	Corynebacterium stationis	1705
TAX-1707	Cellulomonas	1707
TAX-1708	Cellulomonas fimi	1708
TAX-1709	Cellulomonas biazotea	1709
TAX-1710	Cellulosimicrobium cellulans	1710
TAX-1711	Cellulomonas flavigena	1711
TAX-1713	Oerskovia turbata	1713
TAX-171549	Bacteroidales	171549
TAX-171551	Porphyromonadaceae	171551
TAX-1716	Corynebacterium	1716
TAX-171627	Fusarium fujikuroi species complex	171627
TAX-171636	Amygdaloideae	171636
TAX-171637	Amygdaloideae	171637
TAX-171638	Rosoideae	171638
TAX-1717	Corynebacterium diphtheriae	1717
TAX-171760	Barnadesia spinosa	171760
TAX-1718	Corynebacterium glutamicum	1718
TAX-1720	Corynebacterium sp.	1720
TAX-172057	Centaurium erythraea	172057
TAX-1721	Corynebacterium callunae	1721
TAX-1727	Corynebacterium variabile	1727
TAX-1728959	Aurantioideae	1728959
TAX-1728961	Rutoideae	1728961
TAX-1729789	Vanilleae	1729789
TAX-1737404	Tissierellia	1737404
TAX-1737405	Tissierellales	1737405
TAX-1742989	Glutamicibacter	1742989
TAX-1742992	Paenarthrobacter	1742992
TAX-1742993	Pseudarthrobacter	1742993
TAX-1743	Propionibacterium	1743
TAX-1744	Propionibacterium freudenreichii	1744
TAX-1747	Cutibacterium acnes	1747
TAX-1748	Acidipropionibacterium acidipropionici	1748
TAX-1752	Propionibacterium freudenreichii	1752
TAX-175767	Typhonium	175767
TAX-1758100	Impatiens subgen. Impatiens	1758100
TAX-1758108	Impatiens sect. Uniflorae	1758108
TAX-1760	Actinomycetes	1760
TAX-1762	Mycobacteriaceae	1762
TAX-1763	Mycobacterium	1763
TAX-1764	Mycobacterium avium	1764
TAX-1765	Mycobacterium tuberculosis variant bovis	1765
TAX-1766	Mycolicibacterium fortuitum	1766
TAX-1767	Mycobacterium intracellulare	1767
TAX-1768	Mycobacterium kansasii	1768
TAX-1769	Mycobacterium leprae	1769
TAX-1769247	Fomitopsidaceae	1769247
TAX-1770	Mycobacterium avium	1770
TAX-1771	Mycolicibacterium phlei	1771
TAX-1772	Mycolicibacterium smegmatis	1772
TAX-1773	Mycobacterium tuberculosis	1773
TAX-177416	Francisella tularensis	177416
TAX-178174	Syzygium	178174
TAX-1783257	PVC group	1783257
TAX-1783270	FCB group	1783270
TAX-1783272	Terrabacteria group	1783272
TAX-1783275	TACK group	1783275
TAX-1798711	Cyanobacteriota/Melainabacteria group	1798711
TAX-1799696	Sporidiobolaceae	1799696
TAX-18	Pelobacter	18
TAX-1802	Mycolicibacterium farcinogenes	1802
TAX-1802790	Icacinales	1802790
TAX-1803517	Microteaceae	1803517
TAX-1803519	Mesembryanthemum subgen. Cryophytum	1803519
TAX-1804621	Betoideae	1804621
TAX-1804623	Chenopodiaceae	1804623
TAX-180675	Salvia splendens	180675
TAX-180763	Vaccinium myrtillus	180763
TAX-18101	Gerbera hybrid cultivar	18101
TAX-181550	Trichomonadidae	181550
TAX-182070	Saxifraga stolonifera	182070
TAX-1827	Rhodococcus <high G+C Gram-positive bacteria>	1827
TAX-183097	Wedelia	183097
TAX-1831	Rhodococcus sp. (in: high G+C Gram-positive bacteria)	1831
TAX-1835	Saccharopolyspora	1835
TAX-1836	Saccharopolyspora erythraea	1836
TAX-183823	Eucalyptus falcata	183823
TAX-183924	Thermoprotei	183924
TAX-183925	Methanobacteria	183925
TAX-183939	Methanococci	183939
TAX-183963	Halobacteria	183963
TAX-183967	Thermoplasmata	183967
TAX-183968	Thermococci	183968
TAX-183980	Archaeoglobi	183980
TAX-183988	Methanopyri	183988
TAX-1843489	Veillonellales	1843489
TAX-1843491	Selenomonadaceae	1843491
TAX-1849	Actinopolyspora	1849
TAX-184914	Corallococcus coralloides	184914
TAX-1850	Actinopolyspora halophila	1850
TAX-1851551	Mrakiaceae	1851551
TAX-1851554	Xanthophyllomyces	1851554
TAX-1852274	Streptomyces albus group	1852274
TAX-1853230	Crocinitomicaceae	1853230
TAX-1853231	Odoribacteraceae	1853231
TAX-186125	Fomitopsis palustris	186125
TAX-1862	Dermatophilus	1862
TAX-186265	Cactoideae	186265
TAX-186275	Echinocereeae	186275
TAX-186285	Drosophiliti	186285
TAX-1863	Dermatophilus congolensis	1863
TAX-186328	Entomoplasmatales	186328
TAX-186623	Actinopteri	186623
TAX-186624	Elopocephala	186624
TAX-186625	Clupeocephala	186625
TAX-186626	Otophysi	186626
TAX-186627	Cypriniphysae	186627
TAX-186634	Otomorpha	186634
TAX-1866885	Mycolicibacterium	1866885
TAX-186770	Marchantiopsida	186770
TAX-186774	Marchantiidae	186774
TAX-186801	Clostridia	186801
TAX-186802	Eubacteriales	186802
TAX-186803	Lachnospiraceae	186803
TAX-186804	Peptostreptococcaceae	186804
TAX-186813	unclassified Clostridiales	186813
TAX-186814	Thermoanaerobacteraceae	186814
TAX-186817	Bacillaceae	186817
TAX-186822	Paenibacillaceae	186822
TAX-186826	Lactobacillales	186826
TAX-186831	Acetoanaerobium	186831
TAX-187304	Roseibium aggregatum	187304
TAX-1873447	Daucus sect. Daucus	1873447
TAX-1874399	Boraginoideae	1874399
TAX-1874405	Lithospermeae	1874405
TAX-1874412	Boragininae	1874412
TAX-1874424	Boragineae	1874424
TAX-187857	Aquificae <Aquificae>	187857
TAX-18794	Senecio	18794
TAX-1883	Streptomyces	1883
TAX-188708	Thermotogae <Thermotogae>	188708
TAX-188709	Thermotogaceae	188709
TAX-188786	Thermaceae	188786
TAX-188787	Deinococci	188787
TAX-1888	Streptomyces albus	1888
TAX-188832	Lampranthus	188832
TAX-188838	Lampranthus sociorum	188838
TAX-188916	Mycobacterium lacticola	188916
TAX-1890	Streptomyces antibioticus	1890
TAX-189007	Sinningia cardinalis	189007
TAX-1890424	Synechococcales	1890424
TAX-1890426	Synechococcaceae	1890426
TAX-1890428	Merismopediaceae	1890428
TAX-1892261	Chlorogloeopsidaceae	1892261
TAX-1892263	Hapalosiphonaceae	1892263
TAX-1901	Streptomyces clavuligerus	1901
TAX-1902	Streptomyces coelicolor	1902
TAX-1903409	Erwiniaceae	1903409
TAX-1903411	Yersiniaceae	1903411
TAX-1903414	Morganellaceae	1903414
TAX-190902	Mentha aquatica	190902
TAX-191	Azospirillum	191
TAX-1911	Streptomyces griseus	1911
TAX-1912215	Acidipropionibacterium	1912215
TAX-1912216	Cutibacterium	1912216
TAX-191224	Cistus creticus	191224
TAX-1912917	Blattoidae	1912917
TAX-1913637	Mucoromycota	1913637
TAX-191392	Auxenochlorella	191392
TAX-191410	Chlorobiia	191410
TAX-191411	Chlorobiales	191411
TAX-191412	Chlorobiaceae	191412
TAX-1914233	Gemmataceae	1914233
TAX-191503	Aveneae	191503
TAX-191579	Fluviicola taffensis	191579
TAX-191676	Xanthomonadaceae incertae sedis	191676
TAX-192	Azospirillum brasilense	192
TAX-19205	Lepidium	19205
TAX-192326	Cinnamomum tenuipile	192326
TAX-1927081	Annonoideae	1927081
TAX-1927086	Guatterieae	1927086
TAX-1929018	Pseudoditrichales	1929018
TAX-192944	unclassified Rhodococcus (in: high G+C Gram-positive bacteria)	192944
TAX-192952	Methanosarcina mazei	192952
TAX-194924	Desulfovibrionaceae	194924
TAX-1955150	Acrididea	1955150
TAX-1955251	Proctotrupomorpha	1955251
TAX-195802	Sterculia foetida	195802
TAX-196117	Methanocaldococcaceae	196117
TAX-196118	Methanocaldococcus	196118
TAX-1963083	Cassia clade	1963083
TAX-1963268	Haloarculaceae	1963268
TAX-1963758	Myomorpha	1963758
TAX-196795	unclassified Sulfitobacter	196795
TAX-196821	unclassified Pseudomonas	196821
TAX-1968271	Gardenieae - Pavetteae clade	1968271
TAX-1968428	Bertiereae - Coffeeae clade	1968428
TAX-1968429	Gardenieae complex	1968429
TAX-197562	Pancrustacea	197562
TAX-197563	Mandibulata	197563
TAX-1977916	Hippocastanoideae	1977916
TAX-1977919	Acereae	1977919
TAX-1977920	Hippocastaneae	1977920
TAX-1982031	Cyperus subgen. Cyperus	1982031
TAX-1988	Actinomadura	1988
TAX-199296	Trichomonadinae	199296
TAX-199297	Tritrichomonadinae	199297
TAX-1993	Actinomadura madurae	1993
TAX-19955	Ebenaceae	19955
TAX-2	Bacteria <bacteria>	2
TAX-2003540	Pteridineae	2003540
TAX-2003544	Pteridoideae	2003544
TAX-200630	unclassified Peptostreptococcaceae	200630
TAX-200643	Bacteroidia	200643
TAX-200644	Flavobacteriales	200644
TAX-200783	Aquificota	200783
TAX-200795	Chloroflexota	200795
TAX-2008651	Polysiphonioideae	2008651
TAX-2008794	Zoogloeaceae	2008794
TAX-200918	Thermotogota	200918
TAX-2009274	Hydrangea sect. Macrophyllae	2009274
TAX-2009276	Hydrangeeae	2009276
TAX-200938	Chrysiogenota	200938
TAX-200940	Thermodesulfobacteriota	200940
TAX-201174	Actinomycetota	201174
TAX-2012	Thermomonosporaceae	2012
TAX-2014984	Dryopteridoideae	2014984
TAX-2017695	Polypodioideae	2017695
TAX-202612	Salvia stenophylla	202612
TAX-2026555	Salvia subgen. Calosphace	2026555
TAX-2026556	core Calosphace	2026556
TAX-2028217	Gelatoporiaceae	2028217
TAX-202950	Acinetobacter baylyi	202950
TAX-202994	Rhodiola	202994
TAX-203015	Rhodiola rosea	203015
TAX-203119	Acetivibrio thermocellus	203119
TAX-2034	Curtobacterium	2034
TAX-2034327	C4 Cyperus	2034327
TAX-2034351	C4 Cyperus incertae sedis	2034351
TAX-203490	Fusobacteriia	203490
TAX-203491	Fusobacteriales	203491
TAX-203492	Fusobacteriaceae	203492
TAX-2035	Curtobacterium flaccumfaciens	2035
TAX-2036	Curtobacterium citreum	2036
TAX-203682	Planctomycetota	203682
TAX-203683	Planctomycetia	203683
TAX-203691	Spirochaetota	203691
TAX-203692	Spirochaetia	203692
TAX-2037	Actinomycetales	2037
TAX-2039240	Anaerotignum	2039240
TAX-20400	Astragalus	20400
TAX-20406	Astragalus bisulcatus	20406
TAX-204141	Ocimum americanum	204141
TAX-2042895	Gottschalkiaceae	2042895
TAX-2042965	Pteris subgen. Pteris	2042965
TAX-2042968	Pteris sect. Pteris	2042968
TAX-204376	Pseudopterogorgia	204376
TAX-204428	Chlamydiota	204428
TAX-204429	Chlamydiia	204429
TAX-204441	Rhodospirillales	204441
TAX-204455	Rhodobacterales	204455
TAX-204457	Sphingomonadales	204457
TAX-2045261	Rhodymeniophycidae	2045261
TAX-2049478	Strobilanthinae	2049478
TAX-205071	Rheum tataricum	205071
TAX-2053	Gordonia <high G+C Gram-positive bacteria>	2053
TAX-2054	Gordonia bronchialis	2054
TAX-2055	Gordonia terrae	2055
TAX-205691	Forsythia viridissima	205691
TAX-205692	Forsythia koreana	205692
TAX-2058185	Dictyosteliaceae	2058185
TAX-2058949	Dictyosteliales	2058949
TAX-2060	Tsukamurella	2060
TAX-2061	Tsukamurella paurometabola	2061
TAX-2062	Streptomycetaceae	2062
TAX-206351	Neisseriales	206351
TAX-206389	Rhodocyclales	206389
TAX-2070	Pseudonocardiaceae	2070
TAX-207245	Fornicata	207245
TAX-207598	Homininae	207598
TAX-2085	Mycoplasmatales	2085
TAX-209	Helicobacter	209
TAX-2092	Mycoplasmataceae	2092
TAX-2093	Mycoplasma	2093
TAX-2098	Metamycoplasma hominis	2098
TAX-210	Helicobacter pylori	210
TAX-2100760	Saccharolobus	2100760
TAX-2100771	Panicum sect. Hiantes	2100771
TAX-21013	Mimosa	21013
TAX-21024	Fagus	21024
TAX-2104	Mycoplasmoides pneumoniae	2104
TAX-21199	Asclepias	21199
TAX-212759	Adonis annua	212759
TAX-212809	Anemone leveillei	212809
TAX-2131	Spiroplasmataceae	2131
TAX-213115	Desulfovibrionales	213115
TAX-213118	Desulfobacterales	213118
TAX-213119	Desulfobacteraceae	213119
TAX-213121	Desulfobulbaceae	213121
TAX-2132	Spiroplasma	2132
TAX-2133	Spiroplasma citri	2133
TAX-213301	Coffea liberica	213301
TAX-213304	Coffea abeokutae	213304
TAX-213421	Desulfuromonadaceae	213421
TAX-213423	Pelobacteraceae	213423
TAX-213547	Verophasmatodea	213547
TAX-213548	Phyllioidea	213548
TAX-213849	Campylobacterales	213849
TAX-214504	Glomeromycotina	214504
TAX-214598	Gesnerioideae	214598
TAX-214603	Gesnerieae	214603
TAX-21472	Gentianaceae	21472
TAX-214907	Malvoideae	214907
TAX-214909	Byttnerioideae	214909
TAX-214912	Sterculioideae	214912
TAX-21496	Gentiana	21496
TAX-21561	Limnanthaceae	21561
TAX-21562	Limnanthes	21562
TAX-2157	Archaea	2157
TAX-21571	Boraginaceae	21571
TAX-2158	Methanobacteriales	2158
TAX-215813	Dinoroseobacter shibae	215813
TAX-2159	Methanobacteriaceae	2159
TAX-215948	Cleretum	215948
TAX-21634	Lithospermum	21634
TAX-216572	Oscillospiraceae	216572
TAX-216591	Burkholderia cenocepacia	216591
TAX-216690	Thunbergioideae	216690
TAX-216691	Acanthoideae	216691
TAX-216692	Acantheae	216692
TAX-216693	Ruellieae	216693
TAX-216694	Ruelliinae	216694
TAX-216701	Teucrioideae	216701
TAX-216702	Scutellarioideae	216702
TAX-216703	Lamioideae	216703
TAX-216704	Pogostemonoideae	216704
TAX-216706	Nepetoideae	216706
TAX-216718	Mentheae	216718
TAX-216719	Ocimeae	216719
TAX-216720	Elsholtzieae	216720
TAX-216722	Lavanduleae	216722
TAX-216769	Buchnereae	216769
TAX-216780	Antirrhineae	216780
TAX-216782	Digitalideae	216782
TAX-216794	Plantagineae	216794
TAX-216816	Bifidobacterium longum	216816
TAX-216988	Betula platyphylla	216988
TAX-217037	Vaccinioideae	217037
TAX-217062	Vaccinieae	217062
TAX-217510	Fulvimarina	217510
TAX-217511	Fulvimarina pelagi	217511
TAX-21819	Mentha	21819
TAX-2182	Methanococcales	2182
TAX-2182333	Davallia sect. Trogostolon	2182333
TAX-2183	Methanococcaceae	2183
TAX-2184	Methanococcus	2184
TAX-21861	Pogostemon	21861
TAX-218619	Phlebodium	218619
TAX-218620	Phlebodium aureum	218620
TAX-21880	Salvia	21880
TAX-2190	Methanocaldococcus jannaschii	2190
TAX-21910	Verbenaceae	21910
TAX-219102	Mutisioideae	219102
TAX-219103	Carduoideae	219103
TAX-219120	Cichorioideae	219120
TAX-219121	Cichorieae	219121
TAX-219126	Tageteae	219126
TAX-219134	Coreopsideae	219134
TAX-219868	Syzygium aromaticum	219868
TAX-22002	Verbena	22002
TAX-2206	Methanosarcinaceae	2206
TAX-2207	Methanosarcina	2207
TAX-2209	Methanosarcina mazei	2209
TAX-2210	Methanosarcina thermophila	2210
TAX-2211641	Yoonia	2211641
TAX-22118	Erythroxylaceae	22118
TAX-2212703	Mucoromycetes	2212703
TAX-2214	Methanosarcina acetivorans	2214
TAX-22140	Annonaceae	22140
TAX-222543	Hypocreomycetidae	222543
TAX-222544	Sordariomycetidae	222544
TAX-222566	Baphicacanthus	222566
TAX-222567	Strobilanthes cusia	222567
TAX-222866	Glandularia	222866
TAX-223052	Cephalocereus	223052
TAX-223054	Cephalocereus senilis	223054
TAX-2231	Archaeoglobales	2231
TAX-2231382	NPAAA clade	2231382
TAX-2231384	genistoids sensu lato	2231384
TAX-2231385	core genistoids	2231385
TAX-2231387	dalbergioids sensu lato	2231387
TAX-2231389	Dalbergia clade	2231389
TAX-2231390	Pterocarpus clade	2231390
TAX-2231393	50 kb inversion clade	2231393
TAX-2232	Archaeoglobaceae	2232
TAX-2233	Archaeoglobus	2233
TAX-2233838	Hologalegina	2233838
TAX-2233839	IRL clade	2233839
TAX-2233855	indigoferoid/millettioid clade	2233855
TAX-2233857	robinioid clade	2233857
TAX-2234	Archaeoglobus fulgidus	2234
TAX-2235	Halobacteriales	2235
TAX-2236	Halobacteriaceae	2236
TAX-2237	Haloarcula	2237
TAX-223751	Aquilaria crassna	223751
TAX-223756	Gyrinops	223756
TAX-2239	Halobacterium	2239
TAX-2242	Halobacterium salinarum	2242
TAX-224308	Bacillus subtilis	224308
TAX-224324	Aquifex aeolicus	224324
TAX-224462	Nannocystineae	224462
TAX-224463	Nannocystaceae	224463
TAX-224471	Burkholderiales genera incertae sedis	224471
TAX-2245002	unclassified Rosa	2245002
TAX-2246	Haloferax volcanii	2246
TAX-224756	Methanomicrobia	224756
TAX-2251	Haloferax	2251
TAX-225101	Desmodium uncinatum	225101
TAX-2252	Haloferax mediterranei	2252
TAX-2258	Thermococcales	2258
TAX-2259	Thermococcaceae	2259
TAX-2260	Pyrococcus	2260
TAX-2261	Pyrococcus furiosus	2261
TAX-2262	Pyrococcus woesei	2262
TAX-2263	Thermococcus	2263
TAX-2266	Thermoproteales	2266
TAX-22662	Punica	22662
TAX-22663	Punica granatum	22663
TAX-2267	Thermoproteaceae	2267
TAX-2268852	unclassified Ostreococcus	2268852
TAX-2270	Thermoproteus	2270
TAX-2271	Thermoproteus tenax	2271
TAX-227290	Rhizobium/Agrobacterium group	227290
TAX-227291	Limonium latifolium	227291
TAX-227292	Sinorhizobium/Ensifer group	227292
TAX-227333	Tapinellineae	227333
TAX-227335	Tapinellaceae	227335
TAX-22774	Berberis	22774
TAX-227979	Jeotgalicoccus	227979
TAX-228	Pseudoalteromonas haloplanktis	228
TAX-2281	Sulfolobales	2281
TAX-2282523	Methylorubrum	2282523
TAX-2283794	Methanomada group	2283794
TAX-2283796	Candidatus Thermoplasmatota	2283796
TAX-2284	Sulfolobus	2284
TAX-22868	Anemone	22868
TAX-2287	Saccharolobus solfataricus	2287
TAX-2289	Desulfobacter	2289
TAX-228933	Populus alba x Populus grandidentata	228933
TAX-2290931	Stenosarchaea group	2290931
TAX-2291	Desulfobacter hydrogenophilus	2291
TAX-2291027	Salvia incertae sedis	2291027
TAX-2301116	Rhabditina	2301116
TAX-2301119	Rhabditomorpha	2301119
TAX-23012	Kalanchoe	23012
TAX-23013	Kalanchoe daigremontiana	23013
TAX-2304100	Viteae	2304100
TAX-2304686	Hungateiclostridiaceae	2304686
TAX-2304692	Hungateiclostridium	2304692
TAX-23097	Hydrangeaceae	23097
TAX-23109	Hydrangea	23109
TAX-23110	Hydrangea macrophylla	23110
TAX-231213	Sporidiobolales	231213
TAX-23166	Eriobotrya	23166
TAX-23207	Prunus serotina	23207
TAX-23216	Rubus	23216
TAX-23222	Sorbus	23222
TAX-2323	Bacteria incertae sedis	2323
TAX-232347	Magnoliidae	232347
TAX-23242	Chrysosplenium	23242
TAX-23273	Tellima	23273
TAX-2335	Thermotoga	2335
TAX-2336	Thermotoga maritima	2336
TAX-2337	Thermotoga neapolitana	2337
TAX-233875	Celastrales	233875
TAX-23513	Rutaceae	23513
TAX-235140	Gemmata sp. Wa1-1	235140
TAX-235214	Peganaceae	235214
TAX-235629	Acalyphoideae	235629
TAX-235631	Crotonoideae	235631
TAX-235633	Euphorbioideae	235633
TAX-235880	Acalypheae	235880
TAX-235882	Micrandreae	235882
TAX-235883	Manihoteae	235883
TAX-235891	Crotoneae	235891
TAX-235892	Aleuritideae	235892
TAX-235895	Euphorbieae	235895
TAX-23672	Sapindaceae	23672
TAX-237940	Viburnum furcatum	237940
TAX-238069	Saliceae	238069
TAX-23808	Simaroubaceae	23808
TAX-23809	Ailanthus	23809
TAX-23810	Ailanthus altissima	23810
TAX-24051	Strobilanthes	24051
TAX-24079	Bignoniaceae	24079
TAX-241069	Mentha x gracilis	241069
TAX-241407	Saccharomycetales incertae sedis	241407
TAX-241778	Apioideae	241778
TAX-241780	apioid superclade	241780
TAX-241781	Careae	241781
TAX-241789	Scandiceae	241789
TAX-241793	Apieae	241793
TAX-241797	Pimpinelleae	241797
TAX-241799	Daucinae	241799
TAX-241800	Scandicinae	241800
TAX-241802	apioid superclade incertae sedis	241802
TAX-241806	Polypodiopsida	241806
TAX-2419	Thermotogales	2419
TAX-242159	Ostreococcus sp. lucimarinus	242159
TAX-243277	Vibrio cholerae O1	243277
TAX-243963	Anisodus	243963
TAX-245186	Loktanella	245186
TAX-245188	Yoonia vestfoldensis	245188
TAX-24609	Atropa	24609
TAX-246199	Ruminococcus albus	246199
TAX-246200	Ruegeria pomeroyi	246200
TAX-248026	Cupriavidus pinatubonensis	248026
TAX-24966	Rubiaceae	24966
TAX-2499238	Alternaria sect. Brassicicola	2499238
TAX-2508044	unclassified Malus	2508044
TAX-2508080	Crocoideae	2508080
TAX-2508085	Freesieae	2508085
TAX-2508086	Croceae	2508086
TAX-2511126	Chlorella clade	2511126
TAX-2511161	Elliptochloris clade	2511161
TAX-25168	Galium	25168
TAX-251695	Pseudomonas syringae group genomosp. 1	251695
TAX-252	Halomonas halmophila	252
TAX-252301	Oceanicola	252301
TAX-252305	Pseudooceanicola batsensis	252305
TAX-2528436	Pyriculariaceae	2528436
TAX-2546012	Chironiinae	2546012
TAX-2546017	Gentianinae	2546017
TAX-2546215	OUU clade	2546215
TAX-25473	Rubia	25473
TAX-254777	Galium mollugo	254777
TAX-255348	Rhus typhina	255348
TAX-255475	Aurantimonadaceae	255475
TAX-2559587	Riboviria	2559587
TAX-25623	Taxaceae	25623
TAX-25628	Taxus	25628
TAX-25629	Taxus baccata	25629
TAX-256319	Chlorobaculum	256319
TAX-25641	Aloe	25641
TAX-2566701	Eutrichosiphonia	2566701
TAX-25692	Balsaminaceae	25692
TAX-2570567	Spirocuta	2570567
TAX-2570883	Euglenoida	2570883
TAX-258211	Berberis wilsoniae	258211
TAX-2583993	unclassified Pseudomonas	2583993
TAX-259380	Blighia	259380
TAX-259381	Blighia sapida	259381
TAX-2605435	Evosea	2605435
TAX-260674	Citrullus lanatus	260674
TAX-2608109	Haptista	2608109
TAX-2608131	Prymnesiophyceae	2608131
TAX-2611341	Metamonada	2611341
TAX-2611352	Discoba	2611352
TAX-26122	Gesneriaceae	26122
TAX-261448	Coptis teeta	261448
TAX-261450	Coptis chinensis	261450
TAX-261999	Camellia sinensis	261999
TAX-262	Francisella	262
TAX-2620334	unclassified Gerbera	2620334
TAX-262150	Bacillini	262150
TAX-2622970	unclassified Gemmata	2622970
TAX-2624378	unclassified Corynebacterium	2624378
TAX-2626047	unclassified Synechococcus	2626047
TAX-2628446	unclassified Neocallimastix	2628446
TAX-263	Francisella tularensis	263
TAX-2630462	unclassified Jeotgalicoccus	2630462
TAX-2633043	unclassified Phaeosphaeria	2633043
TAX-26339	Iridaceae	26339
TAX-2640012	unclassified Synechocystis	2640012
TAX-264198	Cupriavidus pinatubonensis	264198
TAX-26468	Loganiaceae	26468
TAX-2649237	unclassified Freesia	2649237
TAX-265	Paracoccus <a-proteobacteria>	265
TAX-265316	Cyanidiaceae	265316
TAX-265318	Cyanidiales	265318
TAX-265354	Rhodiola sachalinensis	265354
TAX-266264	Cupriavidus metallidurans	266264
TAX-267213	Ipomoeeae	267213
TAX-267265	Solanum aculeatissimum	267265
TAX-2675233	Metabacillus	2675233
TAX-267888	Pseudoalteromonadaceae	267888
TAX-2682482	Mastigamoebida	2682482
TAX-2683659	Chytridiomycota incertae sedis	2683659
TAX-26867	Plantago	26867
TAX-268869	Pinus sabiniana	268869
TAX-268906	Salvia fruticosa	268906
TAX-269084	Synechococcus elongatus	269084
TAX-2691355	Gemmatales	2691355
TAX-2692248	core chlorophytes	2692248
TAX-2696291	Ochrophyta	2696291
TAX-2697495	Spiralia	2697495
TAX-2698737	Sar	2698737
TAX-270	Thermus	270
TAX-2704141	Euglenophyceae	2704141
TAX-2704647	Metakinetoplastina	2704647
TAX-2704949	Trypanosomatida	2704949
TAX-2706	Citrus	2706
TAX-27065	Theaceae	27065
TAX-271	Thermus aquaticus	271
TAX-2711	Citrus sinensis	2711
TAX-271192	Pimpinella anisum	271192
TAX-2713	Aquifex	2713
TAX-2714	Aquifex pyrophilus	2714
TAX-271558	Cerastium arvense	271558
TAX-2720870	Aspergillus subgen. Nidulantes	2720870
TAX-2720871	Aspergillus subgen. Circumdati	2720871
TAX-2720872	Aspergillus subgen. Fumigati	2720872
TAX-272131	Nostoc punctiforme	272131
TAX-272201	Chaldicoidea group	272201
TAX-27232	Xanthorrhoeaceae	27232
TAX-272562	Clostridium acetobutylicum	272562
TAX-272630	Methylorubrum extorquens	272630
TAX-272634	Mycoplasmoides pneumoniae	272634
TAX-272942	Rhodobacter capsulatus	272942
TAX-272943	Cereibacter sphaeroides	272943
TAX-273063	Sulfurisphaera tokodaii	273063
TAX-2732396	Orthornavirae	2732396
TAX-2732406	Kitrinoviricota	2732406
TAX-2732462	Flasuviricetes	2732462
TAX-2732545	Amarillovirales	2732545
TAX-273779	Cinchona macrocalyx	273779
TAX-273780	Cinchona mutisii	273780
TAX-273781	Cinchona officinalis	273781
TAX-274	Thermus thermophilus	274
TAX-2742598	Limosilactobacillus	2742598
TAX-2743709	Danionidae	2743709
TAX-2743711	Danioninae	2743711
TAX-2745	Halomonas	2745
TAX-27549	Oedipodinae	27549
TAX-2758482	Vernonioideae	2758482
TAX-2759	Eukaryota	2759
TAX-27592	Bovinae	27592
TAX-2759736	Lacticaseibacillus	2759736
TAX-2763	Rhodophyta	2763
TAX-2767842	Lactiplantibacillus	2767842
TAX-2767893	Lentilactobacillus	2767893
TAX-2773294	Desulfolutivibrio	2773294
TAX-2777008	Silene subgen. Silene	2777008
TAX-2777055	Silene subgen. Behenantha	2777055
TAX-2777061	Silene sect. Melandrium	2777061
TAX-2777076	Silene sect. Silene	2777076
TAX-2790996	Mycoplasmoidales	2790996
TAX-2790998	Mycoplasmoidaceae	2790998
TAX-279683	Avena prostrata	279683
TAX-2797	Bangiophyceae	2797
TAX-28002	Hexamita inflata	28002
TAX-2800373	Priestia	2800373
TAX-28017	Gigartinales	28017
TAX-2802	Ceramiales	2802
TAX-2803	Rhodomelaceae	2803
TAX-2804	Polysiphonia	2804
TAX-28042	Saccharopolyspora rectivirgula	28042
TAX-2806	Florideophyceae	2806
TAX-28067	Rubrivivax	28067
TAX-28068	Rubrivivax gelatinosus	28068
TAX-280699	Cyanidioschyzon merolae	280699
TAX-28105	Sinorhizobium	28105
TAX-28114	Porphyromonas levii	28114
TAX-28118	Odoribacter splanchnicus	28118
TAX-2812024	Syntrophotaleaceae	2812024
TAX-2812025	Syntrophotalea	2812025
TAX-28123	Porphyromonas asaccharolytica	28123
TAX-2812636	CS clade	2812636
TAX-2814	Endocladiaceae	2814
TAX-2815910	Geminocystaceae	2815910
TAX-2818505	Myxococcota	2818505
TAX-28211	Alphaproteobacteria	28211
TAX-2821351	Conifers II	2821351
TAX-2821352	Conifers I	2821352
TAX-28216	Betaproteobacteria	28216
TAX-2821832	Stappiaceae	2821832
TAX-28221	Deltaproteobacteria	28221
TAX-2822797	Stipodae	2822797
TAX-282368	Eutrichosiphonia paniculata	282368
TAX-2825	Chrysophyceae	2825
TAX-28252	Halomonas halodenitrificans	28252
TAX-28256	Halomonadaceae	28256
TAX-282776	Corydalis saxicola	282776
TAX-2829815	Azospirillaceae	2829815
TAX-2830	Haptophyta	2830
TAX-2831	Pavlova	2831
TAX-2831090	Blastochloridaceae	2831090
TAX-283168	Odoribacter	283168
TAX-283210	Malus pumila	283210
TAX-2835904	Ajugoideae	2835904
TAX-2835922	Ajugeae	2835922
TAX-2836	Bacillariophyta	2836
TAX-2836337	Menthinae	2836337
TAX-2836338	Nepetinae	2836338
TAX-2836339	Salviinae	2836339
TAX-2836340	Prunellinae	2836340
TAX-2836342	Lavandulinae	2836342
TAX-2836346	Plectranthinae	2836346
TAX-2836347	Ociminae	2836347
TAX-283673	Lycopersicon hirsutum	283673
TAX-2841735	Solidagininae	2841735
TAX-28442	Haloarcula vallismortis	28442
TAX-28446	Anaerotignum propionicum	28446
TAX-28447	Clavibacter michiganensis	28447
TAX-2844881	Zymomonadaceae	2844881
TAX-2845253	Treponemataceae <Treponemataceae>	2845253
TAX-284551	Lemnoideae	284551
TAX-284555	Aroideae	284555
TAX-2846887	Saussureinae	2846887
TAX-2849	Phaeodactylum	2849
TAX-2849586	Anethum foeniculum	2849586
TAX-2850	Phaeodactylum tricornutum	2850
TAX-28502	Amaranthus hypochondriacus	28502
TAX-28511	Pogostemon cablin	28511
TAX-28526	Solanum pennellii	28526
TAX-2854170	Roseobacteraceae	2854170
TAX-28556	Pleosporaceae	28556
TAX-28568	Trichocomaceae	28568
TAX-285690	Trichomonada	285690
TAX-285810	Pyrenochaeta	285810
TAX-286	Pseudomonas	286
TAX-286192	Saccharum officinarum species complex	286192
TAX-2864	Dinophyceae	2864
TAX-2865	Crypthecodinium	2865
TAX-2866	Crypthecodinium cohnii	2866
TAX-287	Pseudomonas aeruginosa	287
TAX-2870	Phaeophyceae	2870
TAX-2886822	Desulfocapsaceae	2886822
TAX-2887326	Moraxellales	2887326
TAX-28889	Thermoproteota	28889
TAX-28890	Euryarchaeota	28890
TAX-28901	Salmonella enterica	28901
TAX-2890311	Klebsiella/Raoultella group	2890311
TAX-28908	Marchantiales	28908
TAX-28911	Allium cepa	28911
TAX-28929	Fagus crenata	28929
TAX-2895509	Metamycoplasma	2895509
TAX-2895623	Metamycoplasmataceae	2895623
TAX-28957	Canavalia lineata	28957
TAX-289672	Erythroxylum coca	289672
TAX-28973	Limnanthes douglasii	28973
TAX-28983	Sclerotiniaceae	28983
TAX-29	Myxococcales	29
TAX-29000	Pucciniomycotina	29000
TAX-29001	Alternaria brassicicola	29001
TAX-29006	Neocallimastigales	29006
TAX-29007	Neocallimastigaceae	29007
TAX-2901164	Stutzerimonas	2901164
TAX-2901189	Halopseudomonas	2901189
TAX-2902	Emiliania	2902
TAX-2903	Emiliania huxleyi	2903
TAX-2910978	Megalodesulfovibrio	2910978
TAX-291294	Tetrahymenidae	291294
TAX-2916678	CUG-Ser1 clade	2916678
TAX-292	Burkholderia cepacia	292
TAX-29202	Thalassiosiraceae	29202
TAX-293144	Larreoideae	293144
TAX-293154	Santalum austrocaledonicum	293154
TAX-293506	Areae	293506
TAX-294	Pseudomonas fluorescens	294
TAX-29417	Mastigocladus	29417
TAX-2948570	Poodinae	2948570
TAX-2948571	Loliodinae	2948571
TAX-2948964	Phleinae	2948964
TAX-29494	Vibrio furnissii	29494
TAX-2949676	Molininae	2949676
TAX-295145	Guatteria	295145
TAX-29542	Syntrophotalea acetylenica	29542
TAX-29547	Campylobacterota	29547
TAX-29585	Marchantiaceae	29585
TAX-296	Pseudomonas fragi	296
TAX-29607	Dryopteridaceae	29607
TAX-29626	Vittarioideae	29626
TAX-29637	Davalliaceae	29637
TAX-29638	Davallia	29638
TAX-296543	Thalassiosira pseudonana	296543
TAX-29656	Spirodela polyrhiza	29656
TAX-29695	Phragmites australis	29695
TAX-29706	Sporobolus alterniflorus	29706
TAX-29719	Mentha spicata	29719
TAX-29729	Gossypium arboreum	29729
TAX-2975441	Sphaerotilaceae	2975441
TAX-29760	Vitis vinifera	29760
TAX-2976105	Berberideae	2976105
TAX-2976113	Podophylleae	2976113
TAX-29775	Tellima grandiflora	29775
TAX-29802	Rubia tinctorum	29802
TAX-29808	Taxus chinensis	29808
TAX-29811	Ginkgoopsida	29811
TAX-29818	Plantago major	29818
TAX-2982306	Pluteineae	2982306
TAX-2983527	Pleurotineae	2983527
TAX-2985	Ochromonas	2985
TAX-29859	Hypocrea	29859
TAX-2986	Ochromonas danica	2986
TAX-298683	Dalbergia nigrescens	298683
TAX-2995234	Mycoplasmoides	2995234
TAX-300275	Lachancea	300275
TAX-300843	Sesamum radiatum	300843
TAX-300844	Sesamum alatum	300844
TAX-300852	Thermus thermophilus	300852
TAX-301	Pseudomonas oleovorans	301
TAX-301877	Tanacetum balsamita	301877
TAX-3024411	Desulfobulbales	3024411
TAX-3024418	Desulfobacteria	3024418
TAX-3027	Cryptophyceae	3027
TAX-3028117	Cyanophyceae	3028117
TAX-3028843	Malacalcyonacea	3028843
TAX-303	Pseudomonas putida	303
TAX-3031449	Desulfovibrionia	3031449
TAX-3031451	Desulfobulbia	3031451
TAX-3031651	Desulfuromonadia	3031651
TAX-3031711	Polyangia	3031711
TAX-3031713	Nannocystales	3031713
TAX-303182	Chironieae	303182
TAX-303185	Gentianeae	303185
TAX-3031852	Epsilonproteobacteria	3031852
TAX-3032186	Chrysosplenieae	3032186
TAX-3032192	Heuchereae	3032192
TAX-3032193	Saxifrageae	3032193
TAX-3035	Euglenida	3035
TAX-3038	Euglena	3038
TAX-3039	Euglena gracilis	3039
TAX-3039167	Moorellales	3039167
TAX-3039168	Moorellaceae	3039168
TAX-3041	Chlorophyta	3041
TAX-3042	Chlamydomonadales	3042
TAX-305	Ralstonia solanacearum	305
TAX-3051	Chlamydomonadaceae	3051
TAX-3052	Chlamydomonas	3052
TAX-3055	Chlamydomonas reinhardtii	3055
TAX-3071	Chlorella	3071
TAX-30727	Cyprinoidei	30727
TAX-307520	mitosporic Nectriaceae	307520
TAX-3078	Auxenochlorella pyrenoidosa	3078
TAX-3079908	Picosynechococcus	3079908
TAX-3079910	unclassified Picosynechococcus	3079910
TAX-3082720	Peptostreptococcales	3082720
TAX-3085636	Lachnospirales	3085636
TAX-3086	Scenedesmaceae	3086
TAX-3087	Scenedesmus	3087
TAX-3088	Tetradesmus obliquus	3088
TAX-309512	Dinoroseobacter	309512
TAX-31	Myxococcaceae	31
TAX-310458	Hyoscyamus albus	310458
TAX-3110	Prototheca	3110
TAX-3111	Prototheca wickerhamii	3111
TAX-3113	Ulvales	3113
TAX-3114	Ulvaceae	3114
TAX-311400	Thermococcus kodakarensis	311400
TAX-311405	Zingiber zerumbet	311405
TAX-3116	Ulva intestinalis	3116
TAX-3116862	Ralstonia solanacearum species complex	3116862
TAX-3118	Ulva	3118
TAX-3118652	Anaerotignaceae	3118652
TAX-3118655	Filifactoraceae	3118655
TAX-3120161	Peptoclostridiaceae	3120161
TAX-31277	Hymenostomatida	31277
TAX-313363	Alcaligenes viscolactis S-2	313363
TAX-314145	Laurasiatheria	314145
TAX-314146	Euarchontoglires	314146
TAX-314147	Glires	314147
TAX-31420	Endocladia	31420
TAX-31421	Endocladia muricata	31421
TAX-314231	Fulvimarina pelagi	314231
TAX-314232	Yoonia vestfoldensis	314232
TAX-314255	Pseudooceanicola batsensis	314255
TAX-314263	Roseovarius nubinhibens	314263
TAX-314267	Sulfitobacter sp. NAS-14.1	314267
TAX-314271	Maritimibacter alkaliphilus	314271
TAX-314293	Simiiformes	314293
TAX-314295	Hominoidea	314295
TAX-3152	prasinophytes	3152
TAX-316	Stutzerimonas stutzeri	316
TAX-3164	Tetraselmis	3164
TAX-3166	Chlorophyceae	3166
TAX-317	Pseudomonas syringae	317
TAX-318829	Pyricularia oryzae	318829
TAX-3193	Embryophyta	3193
TAX-31932	Nitrosopumilales	31932
TAX-3195	Marchantiophyta	3195
TAX-31953	Bifidobacteriaceae	31953
TAX-31957	Propionibacteriaceae	31957
TAX-31963	Clavibacter nebraskensis	31963
TAX-31964	Clavibacter sepedonicus	31964
TAX-31969	Mollicutes	31969
TAX-31977	Veillonellaceae	31977
TAX-31979	Clostridiaceae	31979
TAX-31989	Paracoccaceae	31989
TAX-319931	Camellia ptilophylla	319931
TAX-32	Myxococcus	32
TAX-32008	Burkholderia	32008
TAX-32015	Myxococcia	32015
TAX-32033	Xanthomonadaceae	32033
TAX-32036	sulfur-oxidizing symbionts	32036
TAX-32045	Pseudomonadota incertae sedis	32045
TAX-32046	Synechococcus elongatus	32046
TAX-32049	Picosynechococcus sp. PCC 7002	32049
TAX-32066	Fusobacteriota	32066
TAX-32069	Aquificales	32069
TAX-3208	Bryophyta	3208
TAX-3214	Bryopsida	3214
TAX-3215	Funariales	3215
TAX-3216	Funariaceae	3216
TAX-3217	Physcomitrella	3217
TAX-3218	Physcomitrium patens	3218
TAX-3219	Dicranales	3219
TAX-32198	Thunbergia alata	32198
TAX-3220	Dicranaceae	3220
TAX-3221	Dicranum	3221
TAX-3222	Dicranum scoparium	3222
TAX-32224	Eriobotrya japonica	32224
TAX-3223	Ditrichaceae	3223
TAX-3224	Ceratodon	3224
TAX-32247	Rubus idaeus	32247
TAX-3225	Ceratodon purpureus	3225
TAX-32341	Sophophora	32341
TAX-32346	melanogaster group	32346
TAX-3235	Psilotophyta	3235
TAX-32351	melanogaster subgroup	32351
TAX-3236	Psilotopsida	3236
TAX-3237	Psilotales	3237
TAX-3238	Psilotaceae	3238
TAX-3239	Psilotum	3239
TAX-32390	Cotesia	32390
TAX-32392	Cotesia rubecula	32392
TAX-3240	Psilotum nudum	3240
TAX-3242	Lycopodiophyta	3242
TAX-3243	Isoetopsida	3243
TAX-3244	Selaginellales	3244
TAX-32443	Teleostei	32443
TAX-3245	Selaginellaceae	3245
TAX-3246	Selaginella	3246
TAX-32519	Ostariophysi	32519
TAX-32523	Tetrapoda	32523
TAX-32524	Amniota	32524
TAX-32525	Theria <mammals>	32525
TAX-3253	Equisetophyta	3253
TAX-3254	Equisetopsida	3254
TAX-3255	Equisetales	3255
TAX-3256	Equisetaceae	3256
TAX-32561	Sauria	32561
TAX-32568	Gorgonacea	32568
TAX-3257	Equisetum	3257
TAX-3258	Equisetum arvense	3258
TAX-3263	Filicophyta	3263
TAX-326442	Pseudoalteromonas translucida	326442
TAX-3268	Polypodiales	3268
TAX-3275	Polypodiaceae	3275
TAX-328206	Davallia trichomanoides	328206
TAX-3287	Dryopteris	3287
TAX-329	Ralstonia pickettii	329
TAX-3290	Polypodiopsida	3290
TAX-33014	Clavibacter michiganensis	33014
TAX-33035	Blautia producta	33035
TAX-33057	Thauera	33057
TAX-3308	Ginkgoales	3308
TAX-33083	Dictyostelia	33083
TAX-33084	Entamoebidae	33084
TAX-3309	Ginkgoaceae	3309
TAX-33090	Viridiplantae	33090
TAX-3310	Ginkgo	3310
TAX-33103	Ulvophyceae	33103
TAX-3311	Ginkgo biloba	3311
TAX-33113	Atropa belladonna	33113
TAX-33114	Capsicum baccatum	33114
TAX-33119	Petunia axillaris	33119
TAX-3312	Coniferophyta	3312
TAX-33125	Lepidium sativum	33125
TAX-3313	Pinidae	3313
TAX-3315	Thuja	3315
TAX-33154	Opisthokonta	33154
TAX-3316	Thuja plicata	3316
TAX-33178	Aspergillus terreus	33178
TAX-3318	Pinaceae	3318
TAX-3319	Abies	3319
TAX-33196	Botrytis	33196
TAX-33208	Metazoa	33208
TAX-332102	Fluviicola	332102
TAX-33213	Bilateria	33213
TAX-33217	Pseudocoelomata	33217
TAX-3328	Picea	3328
TAX-3329	Picea abies	3329
TAX-3330	Picea glauca	3330
TAX-33316	Coelomata	33316
TAX-33317	Protostomia	33317
TAX-3332	Picea sitchensis	3332
TAX-33340	Neoptera	33340
TAX-33341	Polyneoptera	33341
TAX-3337	Pinus	3337
TAX-3339	Pinus contorta	3339
TAX-33392	Endopterygota	33392
TAX-3347	Pinus radiata	3347
TAX-3348	Pinus strobus	3348
TAX-3349	Pinus sylvestris	3349
TAX-33511	Deuterostomia	33511
TAX-3352	Pinus taeda	3352
TAX-3353	Pinus banksiana	3353
TAX-33553	Sciurognathi	33553
TAX-33554	Carnivora	33554
TAX-3356	Pseudotsuga	3356
TAX-3357	Pseudotsuga menziesii	3357
TAX-33630	Alveolata	33630
TAX-33634	Stramenopiles	33634
TAX-3367	Cupressaceae	3367
TAX-3368	Cryptomeria	3368
TAX-33680	Myxogastria	33680
TAX-33682	Euglenozoa	33682
TAX-3369	Cryptomeria japonica	3369
TAX-3372	Gnetopsida	3372
TAX-337687	Muroidea	337687
TAX-338	Xanthomonas	338
TAX-33807	unclassified Alphaproteobacteria	33807
TAX-33814	Berberis stolonifera	33814
TAX-338152	Felinae	338152
TAX-338190	Nitrosopumilaceae	338190
TAX-338191	Nitrosopumilus	338191
TAX-338192	Nitrosopumilus maritimus	338192
TAX-33833	Vestibuliferida	33833
TAX-33836	Coscinodiscophyceae	33836
TAX-33840	Coscinodiscophycidae	33840
TAX-33841	Melosirales	33841
TAX-33846	Thalassiosirophycidae	33846
TAX-33847	Thalassiosirales	33847
TAX-33849	Bacillariophyceae	33849
TAX-3385	Ephedrales	3385
TAX-33850	Bacillariophycidae	33850
TAX-33859	Synurophyceae	33859
TAX-3386	Ephedraceae	3386
TAX-3387	Ephedra	3387
TAX-33881	Curtobacterium luteum	33881
TAX-33931	[Bacillus] caldovelox	33931
TAX-33958	Lactobacillaceae	33958
TAX-33966	Leuconostoc mesenteroides	33966
TAX-3398	Magnoliopsida	3398
TAX-339964	Salix myrsinifolia	339964
TAX-34	Myxococcus xanthus	34
TAX-3400	Magnoliales	3400
TAX-3401	Magnoliaceae	3401
TAX-3402	Magnolia	3402
TAX-3406	Magnolia grandiflora	3406
TAX-34064	Francisellaceae	34064
TAX-34254	Lithospermum erythrorhizon	34254
TAX-34256	Mentha x piperita	34256
TAX-34305	Lotus japonicus	34305
TAX-3432	Laurales	3432
TAX-343267	Guatteriopsis	343267
TAX-3433	Lauraceae	3433
TAX-3434	Persea	3434
TAX-34346	Schizosaccharomycetales	34346
TAX-3435	Persea americana	3435
TAX-34380	mitosporic Trichocomaceae	34380
TAX-34395	Chaetothyriales	34395
TAX-34399	Phomopsis	34399
TAX-3440	Ranunculaceae	3440
TAX-3441	Coptis	3441
TAX-3442	Coptis japonica	3442
TAX-344697	Diplopterinae	344697
TAX-34474	Fomitopsis	34474
TAX-34489	Mucoraceae	34489
TAX-3450	Aquilegia	3450
TAX-3451	Aquilegia vulgaris	3451
TAX-3455	Menispermaceae	3455
TAX-3462	Fumarioideae	3462
TAX-3463	Corydalis	3463
TAX-3465	Papaveraceae	3465
TAX-3466	Eschscholzia	3466
TAX-3467	Eschscholzia californica	3467
TAX-3468	Papaver	3468
TAX-3469	Papaver somniferum	3469
TAX-3471	Sanguinaria	3471
TAX-3472	Sanguinaria canadensis	3472
TAX-3481	Cannabaceae	3481
TAX-3482	Cannabis	3482
TAX-3483	Cannabis sativa	3483
TAX-3484	Humulus	3484
TAX-3486	Humulus lupulus	3486
TAX-3487	Moraceae	3487
TAX-349101	Cereibacter sphaeroides	349101
TAX-349509	Magnolia obovata	349509
TAX-3502	Fagales	3502
TAX-3503	Fagaceae	3503
TAX-3504	Betula	3504
TAX-3511	Quercus	3511
TAX-3512	Quercus rubra	3512
TAX-35123	Melosiraceae	35123
TAX-35124	Melosira	35124
TAX-35125	Melosira nummuloides	35125
TAX-35127	Thalassiosira	35127
TAX-35128	Thalassiosira pseudonana	35128
TAX-3514	Betulaceae	3514
TAX-3524	Caryophyllales	3524
TAX-3525	Phytolaccaceae	3525
TAX-35278	ssRNA positive-strand viruses, no DNA stage	35278
TAX-3536	Nyctaginaceae	3536
TAX-3537	Mirabilis	3537
TAX-3538	Mirabilis jalapa	3538
TAX-353976	Dolichandra	353976
TAX-3542	Aizoaceae	3542
TAX-35426	Chlorodendrales	35426
TAX-354276	Enterobacter cloacae complex	354276
TAX-35429	Chlorodendraceae	35429
TAX-3543	Mesembryanthemum	3543
TAX-3544	Mesembryanthemum crystallinum	3544
TAX-35460	Chlorellales	35460
TAX-35461	Chlorellaceae	35461
TAX-35484	Haematococcaceae	35484
TAX-35491	Sphaeropleales	35491
TAX-35493	Streptophyta	35493
TAX-35497	Suina	35497
TAX-35500	Pecora	35500
TAX-3554	Beta <eudicots>	3554
TAX-3555	Beta vulgaris	3555
TAX-355688	Agaricomycetes incertae sedis	355688
TAX-3558	Chenopodium	3558
TAX-356	Hyphomicrobiales	356
TAX-3560	Oxybasis rubra	3560
TAX-35608	Artemisia annua	35608
TAX-3561	Spinacia	3561
TAX-3562	Spinacia oleracea	3562
TAX-35626	Hyoscyamus muticus	35626
TAX-3563	Amaranthaceae	3563
TAX-3564	Amaranthus	3564
TAX-3565	Amaranthus hybridus	3565
TAX-3568	Caryophyllaceae	3568
TAX-3569	Dianthus	3569
TAX-357	Agrobacterium	357
TAX-3570	Dianthus caryophyllus	3570
TAX-3573	Silene	3573
TAX-3575	Silene gallica	3575
TAX-357688	Paecilomyces (Sordariales)	357688
TAX-3579	Cerastium	3579
TAX-358	Agrobacterium tumefaciens	358
TAX-3581	Portulacaceae	3581
TAX-3582	Portulaca	3582
TAX-35829	Acetivibrio	35829
TAX-3583	Portulaca grandiflora	3583
TAX-35875	Allium fistulosum	35875
TAX-35883	Ipomoea nil	35883
TAX-35889	Nicotiana glutinosa	35889
TAX-35912	Ophiorrhiza	35912
TAX-359160	BOP clade	359160
TAX-35925	Diospyros kaki	35925
TAX-3593	Cactaceae	3593
TAX-35932	Podophyllum	35932
TAX-35933	Podophyllum peltatum	35933
TAX-35937	Robinia <eudicots>	35937
TAX-35938	Robinia pseudoacacia	35938
TAX-35939	Impatiens	35939
TAX-35941	Linum perenne	35941
TAX-35973	Santalum	35973
TAX-35974	Santalum album	35974
TAX-3602	Vitaceae	3602
TAX-3603	Vitis	3603
TAX-36080	Mucor circinelloides	36080
TAX-3615	Polygonaceae	3615
TAX-3616	Fagopyrum	3616
TAX-3617	Fagopyrum esculentum	3617
TAX-3620	Rheum	3620
TAX-3623	Actinidiaceae	3623
TAX-3624	Actinidia	3624
TAX-3625	Actinidia chinensis	3625
TAX-3627	Actinidia deliciosa	3627
TAX-3629	Malvaceae	3629
TAX-3633	Gossypium	3633
TAX-3634	Gossypium barbadense	3634
TAX-3635	Gossypium hirsutum	3635
TAX-3640	Theobroma	3640
TAX-3641	Theobroma cacao	3641
TAX-364270	Apiineae	364270
TAX-3646	Malpighiales	3646
TAX-3647	Caricaceae	3647
TAX-3648	Carica	3648
TAX-3649	Carica papaya	3649
TAX-3650	Cucurbitaceae	3650
TAX-3653	Citrullus	3653
TAX-3654	Citrullus lanatus	3654
TAX-3655	Cucumis	3655
TAX-3656	Cucumis melo	3656
TAX-3659	Cucumis sativus	3659
TAX-36599	Sorbus aucuparia	36599
TAX-3660	Cucurbita	3660
TAX-3661	Cucurbita maxima	3661
TAX-36629	Neosartorya	36629
TAX-3663	Cucurbita pepo	3663
TAX-36642	Aspergillus terricola	36642
TAX-3671	Momordica	3671
TAX-3673	Momordica charantia	3673
TAX-367363	Ophiorrhiza japonica	367363
TAX-36749	Chrysosplenium americanum	36749
TAX-3676	Trichosanthes	3676
TAX-3677	Trichosanthes kirilowii	3677
TAX-36774	Brassica oleracea	36774
TAX-36808	Corynebacterium bovis	36808
TAX-36821	Gordonia amarae	36821
TAX-36822	Gordonia rubripertincta	36822
TAX-3683	Passifloraceae	3683
TAX-3684	Passiflora	3684
TAX-3688	Salicaceae	3688
TAX-3689	Populus	3689
TAX-36903	Clarkia breweri	36903
TAX-3691	Populus nigra	3691
TAX-36922	Diaporthe	36922
TAX-3693	Populus tremuloides	3693
TAX-3694	Populus trichocarpa	3694
TAX-36943	Blaberus giganteus	36943
TAX-36946	Byrsotria	36946
TAX-36947	Byrsotria fumigata	36947
TAX-3695	Populus trichocarpa x Populus deltoides	3695
TAX-3696	Populus deltoides	3696
TAX-36962	Rhyparobia	36962
TAX-36963	Rhyparobia maderae	36963
TAX-3699	Brassicales	3699
TAX-3700	Brassicaceae	3700
TAX-3701	Arabidopsis	3701
TAX-3702	Arabidopsis thaliana	3702
TAX-3705	Brassica	3705
TAX-3707	Brassica juncea	3707
TAX-3708	Brassica napus	3708
TAX-37093	Tetrahymenina	37093
TAX-3710	Brassica nigra	3710
TAX-37104	Trichomonadida	37104
TAX-3711	Brassica rapa	3711
TAX-3712	Brassica oleracea	3712
TAX-3715	Brassica oleracea	3715
TAX-3720	Crambe	3720
TAX-3721	Crambe hispanica	3721
TAX-3723	Matthiola	3723
TAX-3724	Matthiola incana	3724
TAX-3725	Raphanus	3725
TAX-3726	Raphanus sativus	3726
TAX-37334	Citrus maxima	37334
TAX-37414	Physcomitrium	37414
TAX-3744	Rosales	3744
TAX-3745	Rosaceae	3745
TAX-3746	Fragaria	3746
TAX-3747	Fragaria x ananassa	3747
TAX-3749	Malus	3749
TAX-37493	Consolida	37493
TAX-3750	Malus domestica	3750
TAX-375013	Aedes/Ochlerotatus group	375013
TAX-37506	Gorgoniidae	37506
TAX-3751	Malus sp.	3751
TAX-3754	Prunus	3754
TAX-3755	Prunus dulcis	3755
TAX-37562	Urochloa	37562
TAX-37563	Urochloa panicoides	37563
TAX-37564	Ruta	37564
TAX-37565	Ruta graveolens	37565
TAX-37567	Ditrysia	37567
TAX-37572	Papilionoidea	37572
TAX-3764	Rosa	3764
TAX-3765	Rosa x damascena	3765
TAX-37656	Citrus x paradisi	37656
TAX-37657	Silene latifolia	37657
TAX-3766	Pyrus	3766
TAX-3767	Pyrus pyrifolia	3767
TAX-37682	Aegilops tauschii	37682
TAX-37690	Citrus trifoliata	37690
TAX-376913	Haplorrhini	376913
TAX-37762	Escherichia coli	37762
TAX-3781	Crassulaceae	3781
TAX-379	Rhizobium	379
TAX-3792	Saxifragaceae	3792
TAX-37921	Arthrobacter agilis	37921
TAX-37927	Sinomonas atrocyanea	37927
TAX-37928	Arthrobacter crystallopoietes	37928
TAX-37930	Glutamicibacter protophormiae	37930
TAX-37931	Paenarthrobacter ureafaciens	37931
TAX-379583	Feliformia	379583
TAX-3798	Saxifraga	3798
TAX-3803	Fabaceae	3803
TAX-3804	Caesalpinioideae	3804
TAX-3807	mimosoid clade	3807
TAX-381124	Zea mays	381124
TAX-3812	Albizia	3812
TAX-3813	Albizia julibrissin	3813
TAX-3814	Papilionoideae	3814
TAX-3817	Arachis	3817
TAX-3818	Arachis hypogaea	3818
TAX-382	Sinorhizobium meliloti	382
TAX-3822	Canavalia	3822
TAX-3823	Canavalia ensiformis	3823
TAX-38254	Glaucocystophyceae	38254
TAX-3826	Cicer	3826
TAX-3827	Cicer arietinum	3827
TAX-3846	Glycine	3846
TAX-3847	Glycine max	3847
TAX-384765	Roseibium aggregatum	384765
TAX-3848	Glycine soja	3848
TAX-3853	Lathyrus	3853
TAX-38568	Leishmania <subgenus>	38568
TAX-3859	Lathyrus odoratus	3859
TAX-38595	Ajuga	38595
TAX-38596	Ajuga reptans	38596
TAX-3862	Lathyrus tingitanus	3862
TAX-3863	Lens <eudicots>	3863
TAX-3864	Lens culinaris	3864
TAX-3865	Leucaena	3865
TAX-3866	Leucaena leucocephala	3866
TAX-3867	Lotus	3867
TAX-3869	Lupinus	3869
TAX-3870	Lupinus albus	3870
TAX-3871	Lupinus angustifolius	3871
TAX-38727	Panicum virgatum	38727
TAX-3873	Lupinus luteus	3873
TAX-38730	Sporobolus	38730
TAX-3874	Lupinus polyphyllus	3874
TAX-38748	Naviculales	38748
TAX-38749	Phaeodactylaceae	38749
TAX-3877	Medicago	3877
TAX-38783	Avena strigosa	38783
TAX-38787	Betula pubescens	38787
TAX-3879	Medicago sativa	3879
TAX-3880	Medicago truncatula	3880
TAX-38820	Poales	38820
TAX-3883	Phaseolus	3883
TAX-3884	Phaseolus lunatus	3884
TAX-388435	Lecanoromycetidae	388435
TAX-3885	Phaseolus vulgaris	3885
TAX-38856	Hordeum lechleri	38856
TAX-388567	Cyperus iria	388567
TAX-3886	Phaseolus coccineus	3886
TAX-38868	Salvia officinalis	38868
TAX-3887	Pisum	3887
TAX-38879	Botryococcaceae	38879
TAX-3888	Pisum sativum	3888
TAX-38880	Botryococcus	38880
TAX-38881	Botryococcus braunii	38881
TAX-3892	Pueraria	3892
TAX-3893	Pueraria montana	3893
TAX-3894	Sesbania	3894
TAX-38942	Quercus robur	38942
TAX-3895	Sesbania rostrata	3895
TAX-3896	Sophora	3896
TAX-3898	Trifolium	3898
TAX-3899	Trifolium repens	3899
TAX-39	Archangiaceae	39
TAX-3904	Vicia	3904
TAX-3906	Vicia faba	3906
TAX-3908	Vicia sativa	3908
TAX-3909	Vicia sativa	3909
TAX-39107	Murinae	39107
TAX-3913	Vigna	3913
TAX-3914	Vigna angularis	3914
TAX-39152	Methanococcus maripaludis	39152
TAX-3916	Vigna radiata	3916
TAX-39169	Lavandula	39169
TAX-3917	Vigna unguiculata	3917
TAX-39173	Ocimum	39173
TAX-39176	Prunella <eudicots>	39176
TAX-39177	Salvia subgen. Rosmarinus	39177
TAX-3918	Vigna aconitifolia	3918
TAX-39247	Vaccaria	39247
TAX-3928	Lythraceae	3928
TAX-3931	Myrtaceae	3931
TAX-3932	Eucalyptus	3932
TAX-39329	Lavandula angustifolia	39329
TAX-3934	Onagraceae	3934
TAX-3935	Clarkia	3935
TAX-39350	Ocimum basilicum	39350
TAX-39358	Prunella vulgaris	39358
TAX-39367	Salvia rosmarinus	39367
TAX-39387	Gypsophila vaccaria	39387
TAX-39452	Crypthecodiniaceae	39452
TAX-3958	Santalaceae <Santalaceae>	3958
TAX-396	Rhizobium phaseoli	396
TAX-39639	Narcissus pseudonarcissus	39639
TAX-39700	Trypanozoon	39700
TAX-397412	Coptis japonica	397412
TAX-3977	Euphorbiaceae	3977
TAX-3980	Hevea	3980
TAX-3981	Hevea brasiliensis	3981
TAX-3982	Manihot	3982
TAX-3983	Manihot esculenta	3983
TAX-398580	Dinoroseobacter shibae	398580
TAX-3987	Ricinus <eudicots>	3987
TAX-39879	Silene dioica	39879
TAX-3988	Ricinus communis	3988
TAX-3990	Euphorbia	3990
TAX-39933	Lecanoraceae	39933
TAX-39934	Lecanora	39934
TAX-39946	Oryza sativa	39946
TAX-39947	Oryza sativa	39947
TAX-3997	Simmondsiaceae	3997
TAX-3998	Simmondsia	3998
TAX-39983	Bruguiera	39983
TAX-39984	Bruguiera gymnorhiza	39984
TAX-39987	Thymelaeaceae	39987
TAX-3999	Simmondsia chinensis	3999
TAX-40	Stigmatella	40
TAX-40029	Rhizophoraceae	40029
TAX-40030	Rhizophora	40030
TAX-40031	Rhizophora mangle	40031
TAX-4004	Linaceae	4004
TAX-4005	Linum	4005
TAX-4006	Linum usitatissimum	4006
TAX-4011	Anacardiaceae	4011
TAX-40117	Nitrospirota	40117
TAX-4012	Rhus	4012
TAX-4013	Toxicodendron vernicifluum	4013
TAX-4022	Acer	4022
TAX-402568	Guatteria blepharophylla	402568
TAX-402569	Guatteria friesiana	402569
TAX-402570	Guatteria hispida	402570
TAX-4026	Acer pseudoplatanus	4026
TAX-4027	Geraniaceae	4027
TAX-402715	Superclass II	402715
TAX-402998	Anisodus acutangulus	402998
TAX-403	Methylococcaceae	403
TAX-4030	Pelargonium	4030
TAX-40323	Stenotrophomonas	40323
TAX-40324	Stenotrophomonas maltophilia	40324
TAX-4033	Oxalidaceae	4033
TAX-4034	Oxalis	4034
TAX-4036	Apiales	4036
TAX-403666	Zygophyllales	403666
TAX-403667	Vitales	403667
TAX-4037	Apiaceae	4037
TAX-4038	Daucus	4038
TAX-4039	Daucus carota	4039
TAX-4042	Petroselinum	4042
TAX-404235	Maritimibacter	404235
TAX-404236	Maritimibacter alkaliphilus	404236
TAX-404260	Bryophytina	404260
TAX-4043	Petroselinum crispum	4043
TAX-4044	Apium	4044
TAX-4045	Apium graveolens	4045
TAX-4046	Coriandrum	4046
TAX-4047	Coriandrum sativum	4047
TAX-4050	Araliaceae	4050
TAX-4053	Panax	4053
TAX-4054	Panax ginseng	4054
TAX-4055	Gentianales	4055
TAX-40552	Asparagaceae	40552
TAX-40553	Allioideae	40553
TAX-40558	Botryotinia	40558
TAX-40559	Botrytis cinerea	40559
TAX-4056	Apocynaceae	4056
TAX-4057	Catharanthus	4057
TAX-4058	Catharanthus roseus	4058
TAX-4059	Rauvolfia	4059
TAX-405948	Saccharopolyspora erythraea	405948
TAX-4060	Rauvolfia serpentina	4060
TAX-40674	Mammalia	40674
TAX-40677	Alcyonacea	40677
TAX-40685	Salix	40685
TAX-4069	Solanales	4069
TAX-407	Methylobacterium	407
TAX-4070	Solanaceae	4070
TAX-4071	Capsicum	4071
TAX-4072	Capsicum annuum	4072
TAX-407263	Linum flavum	407263
TAX-407264	Linum nodiflorum	407264
TAX-4073	Capsicum frutescens	4073
TAX-4074	Datura	4074
TAX-4075	Datura inoxia	4075
TAX-4076	Datura stramonium	4076
TAX-4078	Hyoscyamus	4078
TAX-4079	Hyoscyamus niger	4079
TAX-408	Methylorubrum extorquens	408
TAX-40805	Dasytricha	40805
TAX-40806	Dasytricha ruminantium	40806
TAX-4081	Solanum lycopersicum	4081
TAX-4085	Nicotiana	4085
TAX-40886	Anthriscus	40886
TAX-4092	Nicotiana plumbaginifolia	4092
TAX-40921	Anethum	40921
TAX-4093	Nicotiana rustica	4093
TAX-40958	Pimpinella	40958
TAX-4096	Nicotiana sylvestris	4096
TAX-4097	Nicotiana tabacum	4097
TAX-40984	Gonyaulacales	40984
TAX-41	Stigmatella aurantiaca	41
TAX-410	Methylobacterium organophilum	410
TAX-4100	Nicotiana benthamiana	4100
TAX-4101	Petunia	4101
TAX-4102	Petunia x hybrida	4102
TAX-4107	Solanum	4107
TAX-41084	Polyphaga <beetles>	41084
TAX-41088	Cucujiformia	41088
TAX-4111	Solanum melongena	4111
TAX-4113	Solanum tuberosum	4113
TAX-4118	Convolvulaceae	4118
TAX-4119	Ipomoea	4119
TAX-41191	Glossata	41191
TAX-41196	Neolepidoptera	41196
TAX-41197	Heteroneura	41197
TAX-4120	Ipomoea batatas	4120
TAX-4121	Ipomoea purpurea	4121
TAX-41218	Colchicaceae	41218
TAX-41227	Plectranthus	41227
TAX-41228	Plectranthus barbatus	41228
TAX-41294	Nitrobacteraceae	41294
TAX-41295	Rhodospirillaceae	41295
TAX-41297	Sphingomonadaceae	41297
TAX-413	Methylococcus	413
TAX-4136	Lamiaceae	4136
TAX-4139	Scutellaria	4139
TAX-414	Methylococcus capsulatus	414
TAX-4142	Coleus scutellarioides	4142
TAX-4143	Lamiales	4143
TAX-4144	Oleaceae	4144
TAX-4145	Olea <eudicots>	4145
TAX-4146	Olea europaea	4146
TAX-41485	Atractylodes	41485
TAX-41495	Calendula	41495
TAX-41496	Calendula officinalis	41496
TAX-4150	Antirrhinum	4150
TAX-4151	Antirrhinum majus	4151
TAX-41549	Cirsium	41549
TAX-41550	Cirsium arvense	41550
TAX-41562	Dahlia <eudicots>	41562
TAX-41568	Chrysanthemum x morifolium	41568
TAX-41629	Saussurea <eudicots>	41629
TAX-4163	Digitalis	4163
TAX-4164	Digitalis purpurea	4164
TAX-41665	Neopterygii	41665
TAX-41673	Acidianus brierleyi	41673
TAX-4169	Striga	4169
TAX-41766	Eschscholzioideae	41766
TAX-41768	Ranunculales	41768
TAX-41773	Berberidaceae	41773
TAX-41791	Desulfovibrio acrylicus	41791
TAX-4180	Pedaliaceae	4180
TAX-4181	Sesamum	4181
TAX-418107	Plasmodium (Laverania)	418107
TAX-4182	Sesamum indicum	4182
TAX-41827	Culicoidea	41827
TAX-4185	Acanthaceae	4185
TAX-4186	Aphelandra	4186
TAX-418966	Noelaerhabdaceae	418966
TAX-418969	Pavlovaceae	418969
TAX-41934	Cornales	41934
TAX-41937	Sapindales	41937
TAX-41938	Malvales	41938
TAX-41943	Geraniales	41943
TAX-41944	Myrtales	41944
TAX-41945	Ericales	41945
TAX-41946	Saxifragales	41946
TAX-41947	Santalales	41947
TAX-41954	Amanitaceae	41954
TAX-41955	Amanita	41955
TAX-41956	Amanita muscaria	41956
TAX-41980	Metallosphaera	41980
TAX-4199	Dipsacales	4199
TAX-42	Cystobacter	42
TAX-4204	Viburnum	4204
TAX-42054	Chromohalobacter	42054
TAX-4206	Adoxaceae	4206
TAX-4209	Asterales	4209
TAX-4210	Asteraceae	4210
TAX-42115	Arenicolidae	42115
TAX-4219	Artemisia	4219
TAX-4221	Carthamus	4221
TAX-42219	Cornaceae	42219
TAX-4222	Carthamus tinctorius	4222
TAX-4223	Flaveria	4223
TAX-4224	Flaveria bidentis	4224
TAX-422676	Aconoidasida	422676
TAX-4228	Flaveria chlorifolia	4228
TAX-423054	Eimeriorina	423054
TAX-4231	Helianthus	4231
TAX-4232	Helianthus annuus	4232
TAX-42320	Solenostemon	42320
TAX-42328	Ephedra gerardiana	42328
TAX-4233	Helianthus tuberosus	4233
TAX-423302	Bignonieae	423302
TAX-42336	Bidens	42336
TAX-4235	Lactuca	4235
TAX-4236	Lactuca sativa	4236
TAX-4237	Barnadesia	4237
TAX-42439	Limnanthes alba	42439
TAX-42449	Pierinae	42449
TAX-424551	Solanoideae	424551
TAX-424552	Cestroideae	424552
TAX-424554	Nicotianoideae	424554
TAX-424555	Petunioideae	424555
TAX-424559	Cestreae	424559
TAX-424562	Nicotianeae	424562
TAX-424564	Capsiceae	424564
TAX-424565	Datureae	424565
TAX-424566	Hyoscyameae	424566
TAX-424573	Physaleae	424573
TAX-424574	Solaneae	424574
TAX-426104	Forsythieae	426104
TAX-426106	Oleeae	426106
TAX-42741	Ceriporiopsis	42741
TAX-42742	Gelatoporia subvermispora	42742
TAX-427764	Anethum foeniculum	427764
TAX-42857	Moorella group	42857
TAX-4289	Nyssaceae	4289
TAX-43	Cystobacter fuscus	43
TAX-4305	Celastraceae	4305
TAX-4306	Euonymus	4306
TAX-4307	Euonymus alatus	4307
TAX-431156	Croton stellatopilosus	431156
TAX-43166	Citrus x aurantium	43166
TAX-431838	Intramacronucleata	431838
TAX-4321	Icacinaceae <Icacinaceae>	4321
TAX-43219	Herpotrichiellaceae	43219
TAX-433	Acetobacteraceae	433
TAX-43306	Pseudomonas denitrificans (nom. rej.)	43306
TAX-43335	Populus alba	43335
TAX-4335	Primulaceae	4335
TAX-43365	Clitoria	43365
TAX-43366	Clitoria ternatea	43366
TAX-434	Acetobacter	434
TAX-4345	Ericaceae	4345
TAX-43462	Cinchona	43462
TAX-43486	Gardenia	43486
TAX-435	Acetobacter aceti	435
TAX-436486	Dinosauria	436486
TAX-436489	Saurischia	436489
TAX-436491	Theropoda	436491
TAX-436492	Coelurosauria	436492
TAX-43663	Paenarthrobacter aurescens	43663
TAX-43665	Paenarthrobacter ilicis	43665
TAX-43668	Brachybacterium	43668
TAX-43673	Jonesia	43673
TAX-43674	Jonesia denitrificans	43674
TAX-43676	Promicromonospora	43676
TAX-43677	Promicromonospora citrea	43677
TAX-43687	Metallosphaera sedula	43687
TAX-43733	Muscomorpha	43733
TAX-43738	Schizophora	43738
TAX-4374	Nepenthaceae	4374
TAX-43741	Acalyptratae	43741
TAX-43746	Ephydroidea	43746
TAX-4375	Nepenthes	4375
TAX-4376	Nepenthes alata	4376
TAX-43768	Corynebacterium matruchotii	43768
TAX-43786	Culicomorpha	43786
TAX-438	Acetobacter pasteurianus	438
TAX-43817	Culicinae	43817
TAX-43845	Drosophilinae	43845
TAX-43852	Toxicodendron	43852
TAX-43873	Zygophyllaceae	43873
TAX-43877	Peganum	43877
TAX-43879	Peganum harmala	43879
TAX-439488	ssRNA viruses	439488
TAX-439687	Physaria lindheimeri	439687
TAX-4398	Liquidambar	4398
TAX-4400	Liquidambar styraciflua	4400
TAX-44104	Vibrio cholerae	44104
TAX-441552	Petiveriaceae	441552
TAX-44177	Holaxonia	44177
TAX-44260	Moorella <firmicutes>	44260
TAX-443255	Streptomyces clavuligerus	443255
TAX-4434	Bataceae	4434
TAX-4435	Batis <eudicots>	4435
TAX-4436	Batis maritima	4436
TAX-4437	Plumbaginaceae	4437
TAX-4439	Plumbago <eudicots>	4439
TAX-4441	Camellia	4441
TAX-4442	Camellia sinensis	4442
TAX-4447	Liliopsida	4447
TAX-4454	Araceae	4454
TAX-44586	Panax notoginseng	44586
TAX-4462	Sauromatum	4462
TAX-4463	Sauromatum venosum	4463
TAX-44689	Dictyostelium discoideum	44689
TAX-4469	Lemna	4469
TAX-4472	Lemna minor	4472
TAX-4473	Spirodela	4473
TAX-44744	Haematococcus	44744
TAX-44745	Haematococcus lacustris	44745
TAX-4479	Poaceae	4479
TAX-4480	Aegilops	4480
TAX-4496	Avena	4496
TAX-4498	Avena sativa	4498
TAX-4500	Avena longiglumis	4500
TAX-45005	Colchicum autumnale	45005
TAX-4501	Bromus	4501
TAX-4504	Coix	4504
TAX-4505	Coix lacryma-jobi	4505
TAX-4512	Hordeum	4512
TAX-4513	Hordeum vulgare	4513
TAX-451455	Neocallimastigomycetes	451455
TAX-451456	Neocallimastigomycetes	451456
TAX-451507	Mucoromycotina	451507
TAX-45156	Cyanidioschyzon	45156
TAX-45157	Cyanidioschyzon merolae	45157
TAX-451834	Early diverging fungal lineages	451834
TAX-451864	Dikarya	451864
TAX-451866	Taphrinomycotina	451866
TAX-451868	Pleosporomycetidae	451868
TAX-451870	Chaetothyriomycetidae	451870
TAX-451871	Eurotiomycetidae	451871
TAX-4520	Lolium	4520
TAX-4521	Lolium multiflorum	4521
TAX-4522	Lolium perenne	4522
TAX-452333	Agaricomycetidae	452333
TAX-4527	Oryza	4527
TAX-4530	Oryza sativa	4530
TAX-453088	Santalum spicatum	453088
TAX-45359	unclassified pseudomonads	45359
TAX-45385	Aloe arborescens	45385
TAX-4539	Panicum	4539
TAX-4540	Panicum miliaceum	4540
TAX-45401	Hyphomicrobiaceae	45401
TAX-4546	Saccharum	4546
TAX-4547	Saccharum officinarum	4547
TAX-4549	Secale	4549
TAX-4550	Secale cereale	4550
TAX-4554	Setaria <monocots>	4554
TAX-4555	Setaria italica	4555
TAX-4557	Sorghum	4557
TAX-4558	Sorghum bicolor	4558
TAX-4564	Triticum	4564
TAX-4565	Triticum aestivum	4565
TAX-4572	Triticum urartu	4572
TAX-4575	Zea	4575
TAX-4577	Zea mays	4577
TAX-4579	Zea mays	4579
TAX-459859	Senegalia nigrescens	459859
TAX-460517	Komagataella	460517
TAX-460519	Komagataella phaffii	460519
TAX-4609	Cyperaceae	4609
TAX-46093	Limonium	46093
TAX-4610	Cyperus	4610
TAX-46111	Celosia	46111
TAX-461281	Ogataea	461281
TAX-46141	Petiveria	46141
TAX-46142	Petiveria alliacea	46142
TAX-46170	Staphylococcus aureus	46170
TAX-4618	Zingiberales	4618
TAX-46220	Taxus brevifolia	46220
TAX-46246	Delphinium	46246
TAX-463277	Synechococcus nidulans	463277
TAX-46347	Glycyrrhiza	46347
TAX-46348	Glycyrrhiza echinata	46348
TAX-4637	Musaceae	4637
TAX-4640	Musa	4640
TAX-4641	Musa acuminata	4641
TAX-4642	Zingiberaceae	4642
TAX-4645	Hedychium	4645
TAX-4650	Zingiber	4650
TAX-46611	Abies grandis	46611
TAX-4667	Liliales	4667
TAX-4668	Amaryllidaceae	4668
TAX-4669	Galanthus	4669
TAX-4677	Liliaceae	4677
TAX-4678	Allium	4678
TAX-4679	Allium cepa	4679
TAX-468	Moraxellaceae	468
TAX-4681	Allium ampeloprasum	4681
TAX-468156	Senegalia <eudicots>	468156
TAX-4682	Allium sativum	4682
TAX-4683	Allium tuberosum	4683
TAX-4684	Allium ursinum	4684
TAX-4685	Asparagus	4685
TAX-4686	Asparagus officinalis	4686
TAX-46877	Drosophilini	46877
TAX-46879	Drosophilina	46879
TAX-4688	Lilium	4688
TAX-469	Acinetobacter	469
TAX-4690	Lilium longiflorum	4690
TAX-46968	Thalictrum	46968
TAX-4697	Narcissus	4697
TAX-46984	Adonis	46984
TAX-47081	Melilotus	47081
TAX-47082	Melilotus albus	47082
TAX-47097	Tephrosia <eudicots>	47097
TAX-471	Acinetobacter calcoaceticus	471
TAX-47247	Lotus corniculatus	47247
TAX-4734	commelinids	4734
TAX-4739	Commelinales	4739
TAX-4747	Orchidaceae	4747
TAX-4751	Fungi	4751
TAX-4756	Neocallimastix	4756
TAX-47571	Duttonella	47571
TAX-4761	Chytridiomycota	4761
TAX-47664	Populus tremula x Populus tremuloides	47664
TAX-47716	Streptomyces olivaceus	47716
TAX-478070	Labrenzia	478070
TAX-47846	Brachybacterium conglomeratum	47846
TAX-47914	Brevibacterium fuscum	47914
TAX-480117	Cyclorrhapha	480117
TAX-480118	Eremoneura	480118
TAX-48025	Ammi	48025
TAX-48026	Ammi majus	48026
TAX-48027	Anthriscus sylvestris	48027
TAX-48031	Carum	48031
TAX-48032	Carum carvi	48032
TAX-48037	Foeniculum	48037
TAX-48038	Foeniculum vulgare	48038
TAX-481	Neisseriaceae	481
TAX-48130	Amorpha <eudicots>	48130
TAX-48131	Amorpha fruticosa	48131
TAX-481547	Citrus hanaju	481547
TAX-48209	Rudbeckia	48209
TAX-4827	Mucorales	4827
TAX-48292	Hyphomicrobium zavarzinii	48292
TAX-4830	Mucor	4830
TAX-48385	Perilla <eudicots>	48385
TAX-48386	Perilla frutescens	48386
TAX-48545	Asclepias syriaca	48545
TAX-48558	Pyricularia	48558
TAX-48666	Allium altaicum	48666
TAX-48736	Ralstonia	48736
TAX-48789	Sinningia	48789
TAX-4890	Ascomycota	4890
TAX-4891	Saccharomycetes	4891
TAX-4892	Saccharomycetales	4892
TAX-4893	Saccharomycetaceae	4893
TAX-48935	Novosphingobium aromaticivorans	48935
TAX-4894	Schizosaccharomycetaceae	4894
TAX-4895	Schizosaccharomyces	4895
TAX-4896	Schizosaccharomyces pombe	4896
TAX-4905	Pichia angusta	4905
TAX-4919	Pichia	4919
TAX-4922	Komagataella pastoris	4922
TAX-49274	Solanum subgen. Lycopersicon	49274
TAX-4930	Saccharomyces	4930
TAX-4932	Saccharomyces cerevisiae	4932
TAX-4934	Lachancea kluyveri	4934
TAX-49369	Coffea eugenioides	49369
TAX-49373	Coffea liberica	49373
TAX-49390	Coffea canephora	49390
TAX-49450	Digitalis lanata	49450
TAX-49451	Nicotiana attenuata	49451
TAX-49546	Flavobacteriaceae	49546
TAX-49827	Glycyrrhiza glabra	49827
TAX-49840	Sophora flavescens	49840
TAX-5020	Phaeosphaeriaceae	5020
TAX-50278	Cinchona pubescens	50278
TAX-5042	Eurotiales	5042
TAX-5052	Aspergillus	5052
TAX-50557	Insecta	50557
TAX-5059	Aspergillus flavus	5059
TAX-506	Alcaligenaceae	506
TAX-5061	Aspergillus niger	5061
TAX-5062	Aspergillus oryzae	5062
TAX-507	Alcaligenes	507
TAX-50728	Curtobacterium albidum	50728
TAX-5073	Penicillium	5073
TAX-50750	Centaurium	50750
TAX-50768	Gentiana straminea	50768
TAX-510188	Manihot esculenta	510188
TAX-511	Alcaligenes faecalis	511
TAX-51101	Brevibacillus agri	51101
TAX-511145	Escherichia coli	511145
TAX-5114	Diaporthales	5114
TAX-5117	Valsaceae	5117
TAX-512023	Scutellaria viscidula	512023
TAX-51238	Vanilla	51238
TAX-51239	Vanilla planifolia	51239
TAX-51240	Juglans regia	51240
TAX-5125	Hypocreales	5125
TAX-5126	Gibberella	5126
TAX-5127	Fusarium fujikuroi	5127
TAX-51276	Bidens tripartita	51276
TAX-5129	Hypocreaceae	5129
TAX-51290	Chlamydiae/Verrucomicrobia group	51290
TAX-51291	Chlamydiales	51291
TAX-51351	Brassica rapa	51351
TAX-51353	Methylosphaera hansonii	51353
TAX-51383	Asphodelaceae	51383
TAX-5139	Sordariales	5139
TAX-5140	Neurospora	5140
TAX-5141	Neurospora crassa	5141
TAX-51426	Agapanthus	51426
TAX-51453	Trichoderma reesei	51453
TAX-5148	Sordariaceae	5148
TAX-51501	Agapanthus africanus	51501
TAX-5178	Helotiales	5178
TAX-5179	Sclerotinia	5179
TAX-5180	Sclerotinia sclerotiorum	5180
TAX-5197	Lecanorales	5197
TAX-5198	Cladoniaceae	5198
TAX-5199	Cladonia	5199
TAX-5204	Basidiomycota	5204
TAX-52299	Rudbeckia hirta	52299
TAX-523721	Areolatae	523721
TAX-523864	Bacilloidea	523864
TAX-524420	Bacillinae	524420
TAX-52517	Eustoma	52517
TAX-52518	Eustoma grandiflorum	52518
TAX-52598	Sulfitobacter sp. EE-36	52598
TAX-52853	Silene latifolia	52853
TAX-52959	Polaribacter	52959
TAX-53	Nannocystis	53
TAX-5302	Agaricomycotina	5302
TAX-5303	Polyporales	5303
TAX-53158	Lamium	53158
TAX-53161	Lamium galeobdolon	53161
TAX-5320	Pleurotus	5320
TAX-53246	Pseudoalteromonas	53246
TAX-53318	Desulfocapsa	53318
TAX-53335	Pantoea	53335
TAX-5338	Agaricales	5338
TAX-53413	Xanthomonas axonopodis	53413
TAX-53483	Polaribacter filamentus	53483
TAX-535	Chromobacterium	535
TAX-53541	Stegomyia	53541
TAX-53550	Culicini	53550
TAX-536	Chromobacterium violaceum	536
TAX-53851	Cassia	53851
TAX-53862	Dalbergia	53862
TAX-53864	Derris	53864
TAX-53866	Desmodium	53866
TAX-53953	Pyrococcus horikoshii	53953
TAX-54	Nannocystis exedens	54
TAX-541	Zymomonas	541
TAX-541000	Ruminococcaceae	541000
TAX-54115	Methylosphaera	54115
TAX-542	Zymomonas mobilis	542
TAX-5421	Xanthophyllomyces dendrorhous	5421
TAX-542762	Camellia sinensis	542762
TAX-543	Enterobacteriaceae	543
TAX-543769	Rhizaria	543769
TAX-54396	endosymbiont of Riftia pachyptila	54396
TAX-544448	Mycoplasmatota	544448
TAX-54672	Euphorbia lagascae	54672
TAX-547	Enterobacter	547
TAX-5475	Candida	5475
TAX-5477	[Candida] boidinii	5477
TAX-5479	Candida maltosa	5479
TAX-54795	Argemone	54795
TAX-54796	Argemone mexicana	54796
TAX-54898	mitosporic Valsaceae	54898
TAX-549	Pantoea agglomerans	549
TAX-54924	Haemodoraceae	54924
TAX-54925	Anigozanthos	54925
TAX-550	Enterobacter cloacae	550
TAX-5506	Fusarium	5506
TAX-55062	Pinus ponderosa	55062
TAX-55067	Phaeosphaeria	55067
TAX-55080	Brevibacillus	55080
TAX-55086	Bacillidae	55086
TAX-55087	Bacillus <walking sticks>	55087
TAX-551	Erwinia	551
TAX-551759	Aromatoleum	551759
TAX-55182	Forsythia	55182
TAX-55183	Forsythia x intermedia	55183
TAX-55188	Citrus unshiu	55188
TAX-55190	Gentiana triflora	55190
TAX-552	Erwinia amylovora	552
TAX-5523	Fusarium lateritium	5523
TAX-553	Pantoea ananatis	553
TAX-5533	Rhodotorula	5533
TAX-5535	Rhodotorula glutinis	5535
TAX-553630	Sesbanieae	553630
TAX-5543	Trichoderma	5543
TAX-55434	Juncaginaceae	55434
TAX-554915	Amoebozoa	554915
TAX-55500	Triglochin	55500
TAX-55501	Triglochin maritima	55501
TAX-555406	Archamoebae	555406
TAX-55669	Stevia	55669
TAX-55670	Stevia rebaudiana	55670
TAX-55843	Tagetes patula	55843
TAX-55867	Scolytinae	55867
TAX-55879	Rhabditoidea	55879
TAX-55885	Peloderinae	55885
TAX-559292	Saccharomyces cerevisiae	559292
TAX-55961	Clusiaceae	55961
TAX-55962	Hypericum	55962
TAX-55963	Hypericum calycinum	55963
TAX-55979	Ips	55979
TAX-5598	Alternaria	5598
TAX-5600	Phialophora	5600
TAX-56063	Derris elliptica	56063
TAX-561	Escherichia	561
TAX-562	Escherichia coli	562
TAX-56448	Xanthomonas arboricola	56448
TAX-56478	Ramalinaceae	56478
TAX-56479	Ramalina	56479
TAX-5653	Kinetoplastea	5653
TAX-5654	Trypanosomatidae	5654
TAX-5658	Leishmania <genus>	5658
TAX-565971	Consolida orientalis	565971
TAX-566546	Escherichia coli	566546
TAX-56690	Tritrichomonas suis	56690
TAX-5690	Trypanosoma	5690
TAX-5691	Trypanosoma brucei	5691
TAX-56916	Dumortiera	56916
TAX-56917	Dumortiera hirsuta	56917
TAX-569578	PX clade	569578
TAX-5699	Trypanosoma vivax	5699
TAX-570	Klebsiella	570
TAX-5702	Trypanosoma brucei	5702
TAX-571	Klebsiella oxytoca	571
TAX-5719	Parabasalia	5719
TAX-5721	Trichomonas	5721
TAX-5722	Trichomonas vaginalis	5722
TAX-5723	Tritrichomonas	5723
TAX-572511	Blautia	572511
TAX-573	Klebsiella pneumoniae	573
TAX-5738	Diplomonadida	5738
TAX-5739	Hexamitidae	5739
TAX-5740	Giardia <diplomonads>	5740
TAX-5741	Giardia intestinalis	5741
TAX-57493	Kocuria	57493
TAX-57577	Trifolium pratense	57577
TAX-5782	Dictyostelium	5782
TAX-578822	Methylobacterium extorquens group	578822
TAX-578833	Stutzerimonas stutzeri subgroup	578833
TAX-5789	Physariida	5789
TAX-5794	Apicomplexa	5794
TAX-5796	Coccidia	5796
TAX-58019	Pinopsida	58019
TAX-58021	Ginkgophyta	58021
TAX-58022	Gnetophyta	58022
TAX-58023	Tracheophyta	58023
TAX-58024	Spermatophyta	58024
TAX-5809	Sarcocystidae	5809
TAX-5810	Toxoplasma	5810
TAX-5811	Toxoplasma gondii	5811
TAX-5819	Haemosporida	5819
TAX-5820	Plasmodium <Plasmodium>	5820
TAX-5833	Plasmodium falciparum	5833
TAX-58346	Streptomyces platensis	58346
TAX-586	Providencia	586
TAX-587	Providencia rettgeri	587
TAX-587658	Coleus	587658
TAX-5878	Ciliophora	5878
TAX-5890	Tetrahymena	5890
TAX-58933	Triticum spelta	58933
TAX-58949	Crocus	58949
TAX-58987	Freesia	58987
TAX-590	Salmonella	590
TAX-59041	Nerine	59041
TAX-59042	Nerine bowdenii	59042
TAX-5908	Tetrahymena pyriformis	5908
TAX-59201	Salmonella enterica	59201
TAX-59282	Blastochloris	59282
TAX-59293	Solidago	59293
TAX-59297	Solidago canadensis	59297
TAX-59405	Thauera aromatica	59405
TAX-59406	Aromatoleum evansii	59406
TAX-596707	Sinomonas	596707
TAX-59689	Arabidopsis lyrata	59689
TAX-59777	Selaginella lepidophylla	59777
TAX-59788	Megathyrsus maximus	59788
TAX-5985	Isotrichidae	5985
TAX-5988	Litostomatea	5988
TAX-60136	Sulfitobacter	60136
TAX-602	Salmonella typhimurium	602
TAX-6020	Oligohymenophorea	6020
TAX-6072	Eumetazoa	6072
TAX-6073	Cnidaria	6073
TAX-60894	Saccharopolyspora spinosa	60894
TAX-60916	Trifolium incarnatum	60916
TAX-6101	Anthozoa	6101
TAX-61137	Kandelia	61137
TAX-61147	Kandelia candel	61147
TAX-613	Serratia <enterobacteria>	613
TAX-6132	Octocorallia	6132
TAX-615	Serratia marcescens	615
TAX-61508	Persicaria	61508
TAX-622360	Alternaria brassicicola	622360
TAX-622450	Actinopolysporales	622450
TAX-622451	Actinopolysporaceae	622451
TAX-6231	Nematoda	6231
TAX-62330	Fagopyrum tataricum	62330
TAX-6236	Rhabditida	6236
TAX-6237	Caenorhabditis	6237
TAX-6239	Caenorhabditis elegans	6239
TAX-6243	Rhabditidae	6243
TAX-62890	Solanum habrochaites	62890
TAX-629	Yersinia <enterobacteria>	629
TAX-629295	Streptomyces griseus group	629295
TAX-629714	Hypericaceae	629714
TAX-62977	Acinetobacter baylyi	62977
TAX-630	Yersinia enterocolitica	630
TAX-630214	Eumusa	630214
TAX-632	Yersinia pestis	632
TAX-63363	Aquifex aeolicus	63363
TAX-6340	Annelida	6340
TAX-6341	Polychaeta	6341
TAX-63410	Ulva lactuca	63410
TAX-6342	Capitellida	6342
TAX-6343	Arenicola	6343
TAX-6344	Arenicola marina	6344
TAX-63442	Physaria fendleri	63442
TAX-63561	Desulfolutivibrio sulfodismutans	63561
TAX-63779	Impatiens balsamina	63779
TAX-639021	Magnaporthales	639021
TAX-640620	Alopecurinae	640620
TAX-640623	Aveninae	640623
TAX-640628	Poinae	640628
TAX-640630	Loliinae	640630
TAX-641	Vibrionaceae	641
TAX-642	Aeromonas	642
TAX-644223	Komagataella phaffii	644223
TAX-64459	Pieris rapae	64459
TAX-648	Aeromonas caviae	648
TAX-64898	Aquificaceae	64898
TAX-649763	Megathyrsus	649763
TAX-650269	Mentha aquatica	650269
TAX-651137	Nitrososphaerota	651137
TAX-65207	Microgastrinae	65207
TAX-653685	Bacillus subtilis group	653685
TAX-65409	Scutellaria baicalensis	65409
TAX-655183	Lactobacillus casei group	655183
TAX-65555	Desulfocapsa sulfexigens	65555
TAX-65561	Hypericum perforatum	65561
TAX-656336	Coriandreae	656336
TAX-65784	Phaeosphaeria sp. L487	65784
TAX-66013	Cymbopogon	66013
TAX-66014	Cymbopogon citratus	66014
TAX-662	Vibrio	662
TAX-66376	Streptomyces spiralis	66376
TAX-6656	Arthropoda	6656
TAX-666	Vibrio cholerae	666
TAX-66635	Larrea	66635
TAX-66636	Larrea tridentata	66636
TAX-66667	Sterculia	66667
TAX-66670	Bixaceae	66670
TAX-66671	Bixa	66671
TAX-66672	Bixa orellana	66672
TAX-66679	Daphne	66679
TAX-66861	Vibrio cholerae non-O1	66861
TAX-669879	Allium ochotense	669879
TAX-671232	Streptococcus anginosus group	671232
TAX-68295	Thermoanaerobacterales	68295
TAX-68336	Bacteroidota/Chlorobiota group	68336
TAX-68459	Giardiinae	68459
TAX-68460	Hexamitinae	68460
TAX-68525	delta/epsilon subdivisions	68525
TAX-686	Vibrio cholerae O1	686
TAX-68889	Boletales	68889
TAX-68933	Thermales	68933
TAX-69014	Thermococcus kodakarensis	69014
TAX-69266	Vaccinium corymbosum	69266
TAX-693762	Schizaeales	693762
TAX-693765	Lygodiaceae	693765
TAX-69406	Atractylodes lancea	69406
TAX-69450	Cistaceae	69450
TAX-69451	Cistus	69451
TAX-69461	Aquilaria	69461
TAX-69488	Penicillium simplicissimum	69488
TAX-69541	Desulfuromonadales	69541
TAX-6960	Hexapoda	6960
TAX-696523	Microtea	696523
TAX-696524	Microtea debilis	696524
TAX-69655	Sulfurisphaera	69655
TAX-6970	Dictyoptera <insects>	6970
TAX-6974	Blattidae	6974
TAX-6975	Blatta	6975
TAX-6976	Blatta orientalis	6976
TAX-6979	Blaberidae	6979
TAX-6980	Blaberus	6980
TAX-6981	Blaberus discoidalis	6981
TAX-6983	Diploptera	6983
TAX-6984	Diploptera punctata	6984
TAX-6989	Nauphoeta	6989
TAX-6990	Nauphoeta cinerea	6990
TAX-6993	Orthoptera	6993
TAX-7001	Caelifera	7001
TAX-7002	Acrididae	7002
TAX-7003	Locusta	7003
TAX-7004	Locusta migratoria	7004
TAX-70109	Penicillium paxilli	70109
TAX-70124	Crambe hispanica	70124
TAX-7020	Phasmatodea	7020
TAX-703248	Allieae	703248
TAX-703251	Amaryllidoideae	703251
TAX-703533	Asparagoideae	703533
TAX-703538	Asphodeloideae	703538
TAX-7041	Coleoptera	7041
TAX-7042	Curculionidae	7042
TAX-70447	Ostreococcus	70447
TAX-7065	Tenebrionidae	7065
TAX-7069	Tribolium <beetles>	7069
TAX-70752	Allium aflatunense	70752
TAX-7088	Lepidoptera	7088
TAX-70910	Acridomorpha	70910
TAX-7114	Pieridae	7114
TAX-7115	Pieris <butterflies>	7115
TAX-712	Pasteurellaceae	712
TAX-71239	Cucurbitales	71239
TAX-71240	eudicotyledons	71240
TAX-71241	early-diverging eudicotyledons	71241
TAX-71243	Oxalidales	71243
TAX-71250	Chelidonium <flowering plants>	71250
TAX-71251	Chelidonium majus	71251
TAX-71274	asterids	71274
TAX-71275	rosids	71275
TAX-71421	Haemophilus influenzae	71421
TAX-7147	Diptera	7147
TAX-7148	Nematocera	7148
TAX-71527	Tenebrionoidea	71527
TAX-71529	Curculionoidea	71529
TAX-715340	Pleosporineae	715340
TAX-7157	Culicidae	7157
TAX-7158	Aedes <genus>	7158
TAX-7159	Aedes aegypti	7159
TAX-715962	dothideomyceta	715962
TAX-715989	sordariomyceta	715989
TAX-716545	saccharomyceta	716545
TAX-716546	leotiomyceta	716546
TAX-72025	Fabales	72025
TAX-7203	Brachycera	7203
TAX-720621	Carapichea	720621
TAX-72121	Tapinella <basidiomycete fungi>	72121
TAX-7214	Drosophilidae	7214
TAX-72142	mitosporic Sordariales	72142
TAX-7215	Drosophila <flies,genus>	7215
TAX-721786	Spiraeoideae	721786
TAX-721787	Rosodae	721787
TAX-721789	Potentilleae	721789
TAX-721805	Amygdaleae	721805
TAX-721812	Pyrodae	721812
TAX-721813	Maleae	721813
TAX-7227	Drosophila melanogaster	7227
TAX-72273	Thiotrichales	72273
TAX-72274	Pseudomonadales	72274
TAX-72293	Helicobacteraceae	72293
TAX-724	Haemophilus	724
TAX-72587	Pseudomonas sp. P.J. 874	72587
TAX-72610	Crepis alpina	72610
TAX-72611	Crepis palaestina	72611
TAX-727	Haemophilus influenzae	727
TAX-73020	Isochrysidales	73020
TAX-73026	Pavlovales	73026
TAX-73153	Vernicia	73153
TAX-73154	Vernicia fordii	73154
TAX-734088	Anethum foeniculum	734088
TAX-73496	Asparagales	73496
TAX-73818	Neocallimastix sp. LM-2	73818
TAX-73871	Dolichandra unguis-cati	73871
TAX-7399	Hymenoptera	7399
TAX-7400	Apocrita	7400
TAX-7401	Ichneumonoidea	7401
TAX-7402	Braconidae	7402
TAX-74030	Roseovarius	74030
TAX-740972	Tritrichomonadida	740972
TAX-740983	Tritrichomonadidae	740983
TAX-742007	Carlininae	742007
TAX-742010	Carduinae	742010
TAX-742011	Centaureinae	742011
TAX-7422	Chalcidoidea	7422
TAX-745062	Lactucinae	745062
TAX-745067	Crepidinae	745067
TAX-745090	Cichoriinae	745090
TAX-746128	Aspergillus fumigatus	746128
TAX-74613	Glycyrrhiza uralensis	74613
TAX-74647	Rosa multiflora	74647
TAX-74649	Rosa chinensis	74649
TAX-748798	Vernoniinae	748798
TAX-74900	Allium schoenoprasum	74900
TAX-7496	Pterygota <insects>	7496
TAX-751754	Zoysieae	751754
TAX-751756	Sporobolinae	751756
TAX-75715	Salix pentandra	75715
TAX-75739	Eucoccidiorida	75739
TAX-75750	Aspergillus sydowii	75750
TAX-75787	Rhodocyclaceae	75787
TAX-75966	Trebouxiophyceae	75966
TAX-75981	Trebouxiophyceae incertae sedis	75981
TAX-76276	Senecio vulgaris	76276
TAX-76306	Mimosa pudica	76306
TAX-766764	Debaryomycetaceae	766764
TAX-767018	Diaporthaceae	767018
TAX-76714	Glandularia x hybrida	76714
TAX-768503	Cytophagia	768503
TAX-768507	Cytophagales	768507
TAX-76893	Blaberinae	76893
TAX-76896	Oxyhaloinae	76896
TAX-76909	Samanea	76909
TAX-76910	Samanea saman	76910
TAX-76912	Zea mays	76912
TAX-76966	Citrus japonica	76966
TAX-77065	Salix purpurea	77065
TAX-77099	Blattinae	77099
TAX-7711	Chordata	7711
TAX-7742	Vertebrata <vertebrates>	7742
TAX-77643	Mycobacterium tuberculosis complex	77643
TAX-7776	Gnathostomata <vertebrates>	7776
TAX-77880	Carapichea ipecacuanha	77880
TAX-77912	Pinus densiflora	77912
TAX-78060	Parmeliaceae	78060
TAX-78168	Passiflora edulis	78168
TAX-78355	Streptomyces somaliensis	78355
TAX-78536	Euphyllophyta	78536
TAX-78630	Betula platyphylla	78630
TAX-7898	Actinopterygii	7898
TAX-795077	Senecioninae	795077
TAX-7952	Cypriniformes	7952
TAX-7953	Cyprinidae	7953
TAX-7954	Danio	7954
TAX-7955	Danio rerio	7955
TAX-79802	Thalictrum tuberosum	79802
TAX-79837	Cymbopogon martinii	79837
TAX-79929	Methanothermobacter marburgensis	79929
TAX-80379	Capsicum chinense	80379
TAX-80604	Tapinella panuoides	80604
TAX-80811	Cystobacterineae	80811
TAX-80840	Burkholderiales	80840
TAX-80863	Populus tremula x Populus alba	80863
TAX-80864	Comamonadaceae	80864
TAX-80865	Delftia	80865
TAX-80866	Delftia acidovorans	80866
TAX-809	Chlamydiaceae	809
TAX-81	Hyphomicrobium	81
TAX-810	Chlamydia	810
TAX-81064	Meruliaceae	81064
TAX-81093	Magnaporthaceae	81093
TAX-813	Chlamydia trachomatis	813
TAX-815	Bacteroidaceae	815
TAX-816	Bacteroides	816
TAX-818	Bacteroides thetaiotaomicron	818
TAX-81850	Leuconostocaceae	81850
TAX-81852	Enterococcaceae	81852
TAX-82104	mitosporic Herpotrichiellaceae	82104
TAX-82115	Rhizobiaceae	82115
TAX-82117	unclassified Alphaproteobacteria	82117
TAX-82232	Galanthus elwesii	82232
TAX-82367	Paracoccus pantotrophus	82367
TAX-82528	Crocus sativus	82528
TAX-8287	Sarcopterygii	8287
TAX-83182	Phomopsis amygdali	83182
TAX-83233	Coriolaceae	83233
TAX-83332	Mycobacterium tuberculosis	83332
TAX-83333	Escherichia coli	83333
TAX-83444	Avena sterilis	83444
TAX-83445	Avena sterilis	83445
TAX-83461	Corallococcus	83461
TAX-83523	Avena clauda	83523
TAX-83541	Mastigocladus laminosus	83541
TAX-836	Porphyromonas	836
TAX-83837	Astragalus membranaceus	83837
TAX-84	Hyphomicrobium methylovorum	84
TAX-84157	DSMP-degrading bacterium LFR	84157
TAX-84158	Oceanimonas doudoroffii	84158
TAX-8457	Sauropsida	8457
TAX-84615	Lygodium circinatum	84615
TAX-84642	Aeromonadaceae	84642
TAX-848	Fusobacterium	848
TAX-84884	Eustoma exaltatum	84884
TAX-8492	Archosauria	8492
TAX-85003	Actinobacteridae	85003
TAX-85004	Bifidobacteriales	85004
TAX-85006	Micrococcales	85006
TAX-85007	Mycobacteriales	85007
TAX-85009	Propionibacteriales	85009
TAX-85010	Pseudonocardiales	85010
TAX-85011	Kitasatosporales	85011
TAX-85012	Streptosporangiales	85012
TAX-85016	Cellulomonadaceae	85016
TAX-85017	Promicromonosporaceae	85017
TAX-85018	Dermatophilaceae	85018
TAX-85019	Brevibacteriaceae	85019
TAX-85020	Dermabacteraceae	85020
TAX-85022	Jonesiaceae	85022
TAX-85023	Microbacteriaceae	85023
TAX-85025	Nocardiaceae	85025
TAX-85026	Gordoniaceae	85026
TAX-85028	Tsukamurellaceae	85028
TAX-85072	Allochromatium	85072
TAX-851	Fusobacterium nucleatum	851
TAX-85439	Delphinium grandiflorum	85439
TAX-85512	Dicondylia	85512
TAX-85604	Amphiesmenoptera	85604
TAX-85681	Citrus x clementina	85681
TAX-85823	Blattodea	85823
TAX-85894	Jacquinia	85894
TAX-85962	Helicobacter pylori	85962
TAX-86179	Chromohalobacter beijerinckii	86179
TAX-86188	Stenotrophomonas geniculata	86188
TAX-862507	Mus <subgenus>	862507
TAX-86620	Usnea	86620
TAX-86650	Euglenales	86650
TAX-86661	Bacillus cereus group	86661
TAX-866800	Cactineae	866800
TAX-867926	Freesia hybrid cultivar	867926
TAX-869302	Botryococcus braunii	869302
TAX-872	Desulfovibrio	872
TAX-87256	Evernia	87256
TAX-87677	Eucalyptus piperita	87677
TAX-877976	North American clade	877976
TAX-8782	Aves	8782
TAX-87882	Burkholderia cepacia complex	87882
TAX-879	Megalodesulfovibrio gigas	879
TAX-88036	Selaginella moellendorffii	88036
TAX-8825	Neognathae	8825
TAX-886697	Mediterranean clade	886697
TAX-886714	Artemisiinae	886714
TAX-886730	Anthemidinae	886730
TAX-886735	Glebionidinae	886735
TAX-88730	Pinus massoniana	88730
TAX-88770	Panarthropoda	88770
TAX-88845	Allium victorialis	88845
TAX-89184	Ruegeria pomeroyi	89184
TAX-89187	Roseovarius nubinhibens	89187
TAX-89373	Cytophagaceae	89373
TAX-89585	Lemna aequinoctialis	89585
TAX-89593	Craniata <chordates>	89593
TAX-89629	Anchusa	89629
TAX-89630	Anchusa officinalis	89630
TAX-8976	Galliformes	8976
TAX-89912	Xanthophyllomyces	89912
TAX-9005	Phasianidae	9005
TAX-90153	Chromobacterium group	90153
TAX-9030	Gallus	9030
TAX-9031	Gallus gallus	9031
TAX-90371	Salmonella enterica	90371
TAX-90526	Dorotheanthus	90526
TAX-90527	Cleretum bellidiforme	90527
TAX-9072	Phasianinae	9072
TAX-908225	Verbeneae	908225
TAX-90883	Cystofilobasidiales	90883
TAX-90964	Staphylococcaceae	90964
TAX-909768	Acinetobacter calcoaceticus/baumannii complex	909768
TAX-909929	Selenomonadales	909929
TAX-909932	Negativicutes	909932
TAX-910345	Aceraceae	910345
TAX-910346	Hippocastanaceae	910346
TAX-91061	Bacilli	91061
TAX-911294	Inulinae	911294
TAX-911341	Heliantheae alliance	911341
TAX-91192	Tetradesmus	91192
TAX-91347	Enterobacterales	91347
TAX-91561	Artiodactyla	91561
TAX-91813	Agapanthoideae	91813
TAX-91827	Gunneridae	91827
TAX-91829	Altingiaceae	91829
TAX-91834	rosids incertae sedis	91834
TAX-91835	fabids	91835
TAX-91836	malvids	91836
TAX-91851	Nitrariaceae	91851
TAX-91882	campanulids	91882
TAX-91888	lamiids	91888
TAX-91893	lamiids incertae sedis	91893
TAX-91896	Orobanchaceae	91896
TAX-92621	Acridoidea	92621
TAX-92860	Pleosporales	92860
TAX-93006	Cotesia marginiventris	93006
TAX-9347	Eutheria	9347
TAX-93496	Senecio vernalis	93496
TAX-93607	Sinopodophyllum	93607
TAX-93608	Sinopodophyllum hexandrum	93608
TAX-94328	Zingiber officinale	94328
TAX-9443	Primates	9443
TAX-946435	Jeotgalicoccus sp. ATCC 8456	946435
TAX-94695	Methanosarcinales	94695
TAX-947475	Anchonieae	947475
TAX-947489	Biscutelleae	947489
TAX-9526	Catarrhini	9526
TAX-95486	Burkholderia cenocepacia	95486
TAX-95948	Anigozanthos preissii	95948
TAX-95969	Wachendorfia	95969
TAX-95970	Wachendorfia thyrsiflora	95970
TAX-9604	Hominidae	9604
TAX-9605	Homo	9605
TAX-9606	Homo sapiens	9606
TAX-96455	Persicaria tinctoria	96455
TAX-96792	Chromulinales	96792
TAX-9681	Felidae	9681
TAX-9682	Felis	9682
TAX-9685	Felis catus	9685
TAX-970	Selenomonas	970
TAX-97050	Ruegeria	97050
TAX-971	Selenomonas ruminantium	971
TAX-97234	Dryopteris crassirhizoma	97234
TAX-976	Bacteroidota	976
TAX-978	Cytophaga	978
TAX-980083	Camelineae	980083
TAX-980115	Physarieae	980115
TAX-98028	Physaria	98028
TAX-981066	Lepidieae	981066
TAX-981071	Brassiceae	981071
TAX-9821	Suidae	9821
TAX-9822	Sus	9822
TAX-9823	Sus scrofa	9823
TAX-983290	Brassicaceae incertae sedis	983290
TAX-98349	Pleurotus sapidus	98349
TAX-983531	Pogostemoneae	983531
TAX-983547	Lamieae	983547
TAX-9845	Ruminantia	9845
TAX-985	Cytophaga hutchinsonii	985
TAX-98588	Rhizophora stylosa	98588
TAX-986140	Cyperoideae	986140
TAX-986145	Cypereae	986145
TAX-98651	Chromulinaceae	98651
TAX-98652	Ochromonadales	98652
TAX-98708	Pericallis	98708
TAX-98709	Pericallis cruenta	98709
TAX-98757	Gelatoporia	98757
TAX-9895	Bovidae	9895
TAX-9903	Bos	9903
TAX-99038	Glebionis coronaria	99038
TAX-99105	Tanacetum	99105
TAX-9913	Bos taurus	9913
TAX-99287	Salmonella enterica	99287
TAX-995085	Stenotrophomonas maltophilia group	995085
TAX-99568	Curcuma	99568
TAX-99806	Taxus cuspidata	99806
TAX-9989	Rodentia	9989
TAX-999641	Hypericeae	999641
